cheap_quartile,expensive_quartile,initial_age_under6h,initial_age_over24h
4.6395805594172736e-05,-0.001249957386717954,-0.0003737229975675793,-0.0018107487501415683
-0.00013433258258653557,-0.0008890317215578158,-0.0002940240521478757,-0.001115120519846624
-3.8286024036535815e-05,-0.00028265434823132834,-0.00018472410382191226,-0.00015678571195463356
0.0001873139778874488,-0.0007387643734891304,1.8245533568546908e-06,-0.0009263790477536489
-5.889358309061488e-05,-0.0035161720720082675,7.949891997261281e-05,-0.006096196712133854
6.246165692769698e-05,-0.00021575887424129015,-3.2855601085007536e-05,-0.00026702653323448544
-1.5312604611000548e-06,-0.00011406059590172028,-3.0193427721075437e-06,-9.641004656354654e-05
-1.3016361969544418e-05,-6.579177952954423e-05,-0.00010999224198576717,-2.6172979620363696e-05
0.000242013783561064,0.00013434828208585092,0.00018621985768768672,-8.134495410381325e-05
,,,
,,,
,,,
,,,
,,,
,,,
-0.0005376408774257766,-0.0002630575894854971,-0.0005031801186212324,-0.00031886629478896294
,,,
,,,
-0.0001698707018190379,-0.00033987640896294643,-0.00035451214581916346,-0.0004861864721530268
-0.0004944098061950178,-0.0006980806652675427,-0.0006236824461959563,-0.0011450470404103872
-0.0003844693978579167,-0.0010215109907359698,-0.0007385924374166111,-0.0014430066647532541
-0.0008061953437433066,-0.0021709714760301843,-0.0009518957382128995,-0.0032967653921607484
-0.0008519746605257641,-0.0007319149652726732,-0.0010770664203653708,-0.0009488452188185431
-0.0010436211949891236,-0.0008797591786544626,-0.0012622324760172678,-0.0009340941751318765
-0.0004944648632137708,-0.0006942017412605365,-0.0006077506173779603,-0.0009153216672560633
-0.00027766483154862537,-0.0004869284383114351,-0.0003180367949579009,-0.000456015581469821
-0.00013148629659634836,-0.0003562765667114779,-0.0002454054136533995,-0.00022662873909013392
-0.0001887351364927424,-0.0005305491468177233,-0.00016108184773049744,-0.000549416049227678
-0.0006234076410795053,-0.0032151102096364785,-0.000502847992933636,-0.005256672201972162
-3.3524845892301604e-05,-0.00015562604572108492,-5.2916703423307625e-05,-0.00015984917313018079
-0.00011965690483019386,-6.283995726530711e-05,-5.4713193488745455e-05,-7.181653936152437e-05
3.164328085910371e-05,-5.167352500595242e-05,-1.9281291791933837e-05,6.628901438065375e-05
-5.187257465415597e-05,-0.00010328066241198808,-2.3924982102785357e-05,-0.00012211999558716885
2.0237708015412418e-05,-5.5349287534540585e-05,-3.916172533091804e-05,-3.608155289260614e-05
-6.658326463884575e-05,-3.509598240466001e-05,-5.163581633570837e-05,-1.442738399155906e-05
-8.663534987040438e-05,-0.00015856332256612476,-0.00010253066581381158,-9.269161870347837e-05
,,,
,,,
,,,
-0.000275882682537191,-0.00019587868928998332,-0.00031441293595654894,-0.0001609944492869562
7.028443538242574e-05,-0.0009103621879633326,-0.00048432476372393875,-0.00033477282421165986
-0.0008742280015401959,-0.002022793665116438,-0.0010025034517339001,-0.0009039748468353204
-0.0008913457818937247,-0.0013308746661936063,-0.0012420846748065996,-0.0006414350231850688
-0.0004439046489093857,-0.0005232931815514306,-0.0006658129649454282,-0.00029140994273608545
-0.000245816291914788,-0.0012243108456722108,-0.0011808894963931402,-0.0005225904016609652
-0.0007970079649495781,-0.0008038182223657946,-0.001407282035498171,-0.00023215193341952106
-0.0005630632743334035,-0.0009194380049622874,-0.0010735706756548156,-0.0004622786269776101
-0.0005211871324711249,-0.0009150637239656298,-0.0010919082200338572,-0.00039506566625850404
-0.00039971982963739534,-0.0008892456538431565,-0.0006140595172243505,-0.0006492786216947532
-0.00015972316238782938,-0.0005773154956117773,-0.00042834591756700486,-0.0003779633121476777
-9.925378682275679e-05,-0.00032902113638694555,-0.00022524823639666502,-0.00022925644102129221
-0.0002465279992825577,-0.00038763382227715475,-0.0003186467186622464,-0.00013599763669605027
-0.00025790599604959367,-0.0008719702390407028,-0.0009423215101349646,-0.0005428285501656568
0.0004161619615973042,-0.0015716950193075338,-1.4017340422142495e-05,-0.001515873278057194
-0.00040384046285601874,-0.00020597976623155313,-0.0005384614948095672,-6.297996482640484e-05
-9.892929618910368e-06,-8.759172362104679e-05,-6.652258699270917e-05,-8.844181406814907e-06
2.3094666196898004e-05,-4.1901785310701346e-05,-5.504261055286636e-06,5.527020475859535e-06
-2.053387006310362e-05,-6.188491196148791e-05,-3.514414228946595e-05,-8.460046970155445e-05
-2.71390678553218e-05,-4.093508835094393e-05,-1.7151567839316077e-05,-4.369227154764821e-05
-7.813356666177328e-05,-4.81143766969399e-05,-9.531273166288945e-05,3.322295572274547e-06
-0.00012382425188247348,-0.0001349558977606295,-0.0001171253769075335,-5.953042913334805e-05
-0.00020515863747883712,-0.0003358846091037975,-0.00033451947819845493,-0.00022951183541174486
-0.0004018651020463364,-0.0004540314239908743,-0.0005920420177560174,-0.0002504492652169885
-0.0006545348789688302,-0.000581487216389345,-0.0010075747089327218,-0.0003026721916788909
-0.0012140316483671041,-0.0011101945156066731,-0.0018099074757592145,-0.0005291333989066308
-0.000581783139748949,-0.0007103804983225542,-0.0008109205846357652,-0.00043819530779372036
-0.00043357416548418825,-0.0007810776656885788,-0.0006380656013721397,-0.0005624220476411127
-0.00043749098570573477,-0.0005953572535004129,-0.0005718326135597957,-0.0003026003083373843
