era,leader,follower,lag_common_observations,r,n
2000-2007,DCOILWTICO,DCOILBRENTEU,0,0.6736159592221559,1023
2000-2007,DCOILWTICO,DGASNYH,0,0.5361074072321157,1023
2000-2007,DCOILWTICO,DGASUSGULF,0,0.53789995148727,1023
2000-2007,DCOILBRENTEU,DCOILWTICO,0,0.6736159592221559,1023
2000-2007,DCOILBRENTEU,DGASNYH,0,0.43371288340699565,1023
2000-2007,DCOILBRENTEU,DGASUSGULF,0,0.3909478555827813,1023
2000-2007,DGASNYH,DCOILWTICO,0,0.5361074072321156,1023
2000-2007,DGASNYH,DCOILBRENTEU,0,0.43371288340699565,1023
2000-2007,DGASNYH,DGASUSGULF,0,0.847507045224615,1023
2000-2007,DGASUSGULF,DCOILWTICO,0,0.53789995148727,1023
2000-2007,DGASUSGULF,DCOILBRENTEU,0,0.3909478555827813,1023
2000-2007,DGASUSGULF,DGASNYH,0,0.847507045224615,1023
2000-2007,DCOILWTICO,DCOILBRENTEU,1,0.18994196431291188,1022
2000-2007,DCOILWTICO,DGASNYH,1,0.004812948694888429,1022
2000-2007,DCOILWTICO,DGASUSGULF,1,-0.010557137808242283,1022
2000-2007,DCOILBRENTEU,DCOILWTICO,1,0.04419227316497504,1022
2000-2007,DCOILBRENTEU,DGASNYH,1,0.02156293836581589,1022
2000-2007,DCOILBRENTEU,DGASUSGULF,1,0.05491584602287654,1022
2000-2007,DGASNYH,DCOILWTICO,1,0.055165485336905316,1022
2000-2007,DGASNYH,DCOILBRENTEU,1,0.17119697636013553,1022
2000-2007,DGASNYH,DGASUSGULF,1,0.14835480613687008,1022
2000-2007,DGASUSGULF,DCOILWTICO,1,-0.00587962671374782,1022
2000-2007,DGASUSGULF,DCOILBRENTEU,1,0.14867554030111463,1022
2000-2007,DGASUSGULF,DGASNYH,1,-0.0034546128603723273,1022
2000-2007,DCOILWTICO,DCOILBRENTEU,2,0.006412287014692344,1021
2000-2007,DCOILWTICO,DGASNYH,2,0.03066033111551539,1021
2000-2007,DCOILWTICO,DGASUSGULF,2,0.05463013352240947,1021
2000-2007,DCOILBRENTEU,DCOILWTICO,2,0.04353808055824475,1021
2000-2007,DCOILBRENTEU,DGASNYH,2,0.051823881132084505,1021
2000-2007,DCOILBRENTEU,DGASUSGULF,2,0.053418717507948604,1021
2000-2007,DGASNYH,DCOILWTICO,2,-0.008966697632360892,1021
2000-2007,DGASNYH,DCOILBRENTEU,2,-0.011845659088821568,1021
2000-2007,DGASNYH,DGASUSGULF,2,-0.1047927101653648,1021
2000-2007,DGASUSGULF,DCOILWTICO,2,0.030056026530769372,1021
2000-2007,DGASUSGULF,DCOILBRENTEU,2,-0.015293933449515948,1021
2000-2007,DGASUSGULF,DGASNYH,2,-0.035764080531089336,1021
2000-2007,DCOILWTICO,DCOILBRENTEU,5,-0.028414445367400985,1018
2000-2007,DCOILWTICO,DGASNYH,5,-0.029378412246015388,1018
2000-2007,DCOILWTICO,DGASUSGULF,5,-0.02960368990885118,1018
2000-2007,DCOILBRENTEU,DCOILWTICO,5,-0.009308082688344346,1018
2000-2007,DCOILBRENTEU,DGASNYH,5,-0.04316043006556291,1018
2000-2007,DCOILBRENTEU,DGASUSGULF,5,-0.0509298352567182,1018
2000-2007,DGASNYH,DCOILWTICO,5,-0.021253844280590826,1018
2000-2007,DGASNYH,DCOILBRENTEU,5,-0.013387329579125905,1018
2000-2007,DGASNYH,DGASUSGULF,5,-0.055224183056972985,1018
2000-2007,DGASUSGULF,DCOILWTICO,5,0.008770442235745971,1018
2000-2007,DGASUSGULF,DCOILBRENTEU,5,0.01869821834767098,1018
2000-2007,DGASUSGULF,DGASNYH,5,0.022619833394380492,1018
2000-2007,DCOILWTICO,DCOILBRENTEU,10,-0.04559835173706188,1013
2000-2007,DCOILWTICO,DGASNYH,10,-0.02448729457044134,1013
2000-2007,DCOILWTICO,DGASUSGULF,10,-0.022925103461031184,1013
2000-2007,DCOILBRENTEU,DCOILWTICO,10,-0.07654245357992896,1013
2000-2007,DCOILBRENTEU,DGASNYH,10,-0.025944611956078018,1013
2000-2007,DCOILBRENTEU,DGASUSGULF,10,-0.018264068740862175,1013
2000-2007,DGASNYH,DCOILWTICO,10,-0.05190562550650276,1013
2000-2007,DGASNYH,DCOILBRENTEU,10,0.006524127111861157,1013
2000-2007,DGASNYH,DGASUSGULF,10,0.04602802828764173,1013
2000-2007,DGASUSGULF,DCOILWTICO,10,-0.027445867449420625,1013
2000-2007,DGASUSGULF,DCOILBRENTEU,10,0.00984590573919188,1013
2000-2007,DGASUSGULF,DGASNYH,10,0.019679740153804037,1013
2000-2007,DCOILWTICO,DCOILBRENTEU,20,0.005924371723794033,1003
2000-2007,DCOILWTICO,DGASNYH,20,-0.02458105838604264,1003
2000-2007,DCOILWTICO,DGASUSGULF,20,-0.020053836986986037,1003
2000-2007,DCOILBRENTEU,DCOILWTICO,20,-0.003976736240465623,1003
2000-2007,DCOILBRENTEU,DGASNYH,20,-0.0127266654848485,1003
2000-2007,DCOILBRENTEU,DGASUSGULF,20,-0.004000353300910378,1003
2000-2007,DGASNYH,DCOILWTICO,20,-0.009965060589718107,1003
2000-2007,DGASNYH,DCOILBRENTEU,20,0.02269150320857007,1003
2000-2007,DGASNYH,DGASUSGULF,20,-0.00871051331522275,1003
2000-2007,DGASUSGULF,DCOILWTICO,20,-0.025378299193452067,1003
2000-2007,DGASUSGULF,DCOILBRENTEU,20,0.021692639841073537,1003
2000-2007,DGASUSGULF,DGASNYH,20,-0.03573309414867679,1003
2008-2014,DCOILWTICO,DCOILBRENTEU,0,0.6271525506382745,1703
2008-2014,DCOILWTICO,DGASNYH,0,0.5859177298096139,1703
2008-2014,DCOILWTICO,DGASUSGULF,0,0.49472629593248524,1703
2008-2014,DCOILBRENTEU,DCOILWTICO,0,0.6271525506382744,1703
2008-2014,DCOILBRENTEU,DGASNYH,0,0.4579610961012961,1703
2008-2014,DCOILBRENTEU,DGASUSGULF,0,0.3741107794020867,1703
2008-2014,DGASNYH,DCOILWTICO,0,0.5859177298096139,1703
2008-2014,DGASNYH,DCOILBRENTEU,0,0.4579610961012961,1703
2008-2014,DGASNYH,DGASUSGULF,0,0.6087162420709374,1703
2008-2014,DGASUSGULF,DCOILWTICO,0,0.4947262959324853,1703
2008-2014,DGASUSGULF,DCOILBRENTEU,0,0.37411077940208676,1703
2008-2014,DGASUSGULF,DGASNYH,0,0.6087162420709374,1703
2008-2014,DCOILWTICO,DCOILBRENTEU,1,0.24102202041693735,1702
2008-2014,DCOILWTICO,DGASNYH,1,-0.014401040422046006,1702
2008-2014,DCOILWTICO,DGASUSGULF,1,-0.006168300901823878,1702
2008-2014,DCOILBRENTEU,DCOILWTICO,1,-0.03884623544791662,1702
2008-2014,DCOILBRENTEU,DGASNYH,1,-0.02684969934852647,1702
2008-2014,DCOILBRENTEU,DGASUSGULF,1,-0.005214249861730839,1702
2008-2014,DGASNYH,DCOILWTICO,1,-0.05197783266827253,1702
2008-2014,DGASNYH,DCOILBRENTEU,1,0.2133399095106215,1702
2008-2014,DGASNYH,DGASUSGULF,1,0.06619875874193382,1702
2008-2014,DGASUSGULF,DCOILWTICO,1,-0.07588555205475184,1702
2008-2014,DGASUSGULF,DCOILBRENTEU,1,0.1551341024792811,1702
2008-2014,DGASUSGULF,DGASNYH,1,0.07559120860786811,1702
2008-2014,DCOILWTICO,DCOILBRENTEU,2,0.04270176480024684,1701
2008-2014,DCOILWTICO,DGASNYH,2,-0.04440897322535058,1701
2008-2014,DCOILWTICO,DGASUSGULF,2,-0.029194448881112195,1701
2008-2014,DCOILBRENTEU,DCOILWTICO,2,0.029571445095385725,1701
2008-2014,DCOILBRENTEU,DGASNYH,2,-0.020494758305688,1701
2008-2014,DCOILBRENTEU,DGASUSGULF,2,0.012140404055898781,1701
2008-2014,DGASNYH,DCOILWTICO,2,0.07077440681555638,1701
2008-2014,DGASNYH,DCOILBRENTEU,2,0.048025530958779865,1701
2008-2014,DGASNYH,DGASUSGULF,2,-0.0934341517589861,1701
2008-2014,DGASUSGULF,DCOILWTICO,2,-0.07924959583855011,1701
2008-2014,DGASUSGULF,DCOILBRENTEU,2,-0.07591226625612275,1701
2008-2014,DGASUSGULF,DGASNYH,2,-0.13134866256617145,1701
2008-2014,DCOILWTICO,DCOILBRENTEU,5,0.0032331260674325992,1698
2008-2014,DCOILWTICO,DGASNYH,5,-0.03423707229201909,1698
2008-2014,DCOILWTICO,DGASUSGULF,5,-0.00611309343397898,1698
2008-2014,DCOILBRENTEU,DCOILWTICO,5,0.016622560233165867,1698
2008-2014,DCOILBRENTEU,DGASNYH,5,0.005903725288231848,1698
2008-2014,DCOILBRENTEU,DGASUSGULF,5,0.029285972380160105,1698
2008-2014,DGASNYH,DCOILWTICO,5,0.020214602639565465,1698
2008-2014,DGASNYH,DCOILBRENTEU,5,0.014718377745959634,1698
2008-2014,DGASNYH,DGASUSGULF,5,0.05351016921509395,1698
2008-2014,DGASUSGULF,DCOILWTICO,5,0.07991069397560133,1698
2008-2014,DGASUSGULF,DCOILBRENTEU,5,0.046047767140536766,1698
2008-2014,DGASUSGULF,DGASNYH,5,0.03326866850703579,1698
2008-2014,DCOILWTICO,DCOILBRENTEU,10,0.04902075845012044,1693
2008-2014,DCOILWTICO,DGASNYH,10,0.03965106546500671,1693
2008-2014,DCOILWTICO,DGASUSGULF,10,0.0832857562950045,1693
2008-2014,DCOILBRENTEU,DCOILWTICO,10,0.044549646274764154,1693
2008-2014,DCOILBRENTEU,DGASNYH,10,0.04038510779723457,1693
2008-2014,DCOILBRENTEU,DGASUSGULF,10,0.09364250112401826,1693
2008-2014,DGASNYH,DCOILWTICO,10,0.06293872174050555,1693
2008-2014,DGASNYH,DCOILBRENTEU,10,0.0724218325711546,1693
2008-2014,DGASNYH,DGASUSGULF,10,0.0535047207052761,1693
2008-2014,DGASUSGULF,DCOILWTICO,10,0.08635044706740098,1693
2008-2014,DGASUSGULF,DCOILBRENTEU,10,0.08436330226941102,1693
2008-2014,DGASUSGULF,DGASNYH,10,0.04028195621910099,1693
2008-2014,DCOILWTICO,DCOILBRENTEU,20,0.0671168929181822,1683
2008-2014,DCOILWTICO,DGASNYH,20,0.027508880116942965,1683
2008-2014,DCOILWTICO,DGASUSGULF,20,0.05464866041236136,1683
2008-2014,DCOILBRENTEU,DCOILWTICO,20,-0.0007680975082981371,1683
2008-2014,DCOILBRENTEU,DGASNYH,20,-0.0415093607147775,1683
2008-2014,DCOILBRENTEU,DGASUSGULF,20,0.0060927765373352,1683
2008-2014,DGASNYH,DCOILWTICO,20,-0.015994424876736996,1683
2008-2014,DGASNYH,DCOILBRENTEU,20,0.03179392686507049,1683
2008-2014,DGASNYH,DGASUSGULF,20,0.03421570183274429,1683
2008-2014,DGASUSGULF,DCOILWTICO,20,-0.004542319939398585,1683
2008-2014,DGASUSGULF,DCOILBRENTEU,20,0.020679119913303155,1683
2008-2014,DGASUSGULF,DGASNYH,20,0.012202472874675794,1683
2015-2019,DCOILWTICO,DCOILBRENTEU,0,0.6463854326766433,1238
2015-2019,DCOILWTICO,DGASNYH,0,0.5997226598883305,1238
2015-2019,DCOILWTICO,DGASUSGULF,0,0.5919456195266654,1238
2015-2019,DCOILBRENTEU,DCOILWTICO,0,0.6463854326766433,1238
2015-2019,DCOILBRENTEU,DGASNYH,0,0.47640700339348224,1238
2015-2019,DCOILBRENTEU,DGASUSGULF,0,0.49002731551763756,1238
2015-2019,DGASNYH,DCOILWTICO,0,0.5997226598883305,1238
2015-2019,DGASNYH,DCOILBRENTEU,0,0.47640700339348224,1238
2015-2019,DGASNYH,DGASUSGULF,0,0.7724031621035138,1238
2015-2019,DGASUSGULF,DCOILWTICO,0,0.5919456195266655,1238
2015-2019,DGASUSGULF,DCOILBRENTEU,0,0.49002731551763756,1238
2015-2019,DGASUSGULF,DGASNYH,0,0.7724031621035138,1238
2015-2019,DCOILWTICO,DCOILBRENTEU,1,0.21724942869555788,1237
2015-2019,DCOILWTICO,DGASNYH,1,-0.022546639942939782,1237
2015-2019,DCOILWTICO,DGASUSGULF,1,-0.028755415125261065,1237
2015-2019,DCOILBRENTEU,DCOILWTICO,1,-0.0118079986745934,1237
2015-2019,DCOILBRENTEU,DGASNYH,1,3.8163445344845894e-05,1237
2015-2019,DCOILBRENTEU,DGASUSGULF,1,-0.011991851561384577,1237
2015-2019,DGASNYH,DCOILWTICO,1,-0.021384392791451913,1237
2015-2019,DGASNYH,DCOILBRENTEU,1,0.18402218580491833,1237
2015-2019,DGASNYH,DGASUSGULF,1,0.013651498568444127,1237
2015-2019,DGASUSGULF,DCOILWTICO,1,-0.01652323078587382,1237
2015-2019,DGASUSGULF,DCOILBRENTEU,1,0.17003754935698837,1237
2015-2019,DGASUSGULF,DGASNYH,1,-0.007955735794383611,1237
2015-2019,DCOILWTICO,DCOILBRENTEU,2,-0.008247707758773318,1236
2015-2019,DCOILWTICO,DGASNYH,2,0.004316199473505607,1236
2015-2019,DCOILWTICO,DGASUSGULF,2,0.005097079964435369,1236
2015-2019,DCOILBRENTEU,DCOILWTICO,2,-0.03358272540532953,1236
2015-2019,DCOILBRENTEU,DGASNYH,2,-0.015533132465511475,1236
2015-2019,DCOILBRENTEU,DGASUSGULF,2,-0.030342795226936718,1236
2015-2019,DGASNYH,DCOILWTICO,2,-0.012944814275239705,1236
2015-2019,DGASNYH,DCOILBRENTEU,2,-0.007366669183946154,1236
2015-2019,DGASNYH,DGASUSGULF,2,-0.021839782981309227,1236
2015-2019,DGASUSGULF,DCOILWTICO,2,-0.016729339046646044,1236
2015-2019,DGASUSGULF,DCOILBRENTEU,2,0.00435765897503794,1236
2015-2019,DGASUSGULF,DGASNYH,2,0.0029308429150432707,1236
2015-2019,DCOILWTICO,DCOILBRENTEU,5,-0.0069899048281887735,1233
2015-2019,DCOILWTICO,DGASNYH,5,0.03902004212159646,1233
2015-2019,DCOILWTICO,DGASUSGULF,5,0.037789580794011714,1233
2015-2019,DCOILBRENTEU,DCOILWTICO,5,0.016959678113014656,1233
2015-2019,DCOILBRENTEU,DGASNYH,5,0.038903004801918335,1233
2015-2019,DCOILBRENTEU,DGASUSGULF,5,0.01978108830572699,1233
2015-2019,DGASNYH,DCOILWTICO,5,-0.017443461231273577,1233
2015-2019,DGASNYH,DCOILBRENTEU,5,-0.017921052102699897,1233
2015-2019,DGASNYH,DGASUSGULF,5,0.03623723343547569,1233
2015-2019,DGASUSGULF,DCOILWTICO,5,0.0019549675230274197,1233
2015-2019,DGASUSGULF,DCOILBRENTEU,5,-0.017651178575974792,1233
2015-2019,DGASUSGULF,DGASNYH,5,0.06949011090170067,1233
2015-2019,DCOILWTICO,DCOILBRENTEU,10,-0.023768828483853824,1228
2015-2019,DCOILWTICO,DGASNYH,10,0.010871622586246053,1228
2015-2019,DCOILWTICO,DGASUSGULF,10,0.011786342055034524,1228
2015-2019,DCOILBRENTEU,DCOILWTICO,10,-0.018255272086089586,1228
2015-2019,DCOILBRENTEU,DGASNYH,10,-0.027461612309149022,1228
2015-2019,DCOILBRENTEU,DGASUSGULF,10,-0.021705173077983052,1228
2015-2019,DGASNYH,DCOILWTICO,10,-0.0383741735690146,1228
2015-2019,DGASNYH,DCOILBRENTEU,10,-0.036634071762371635,1228
2015-2019,DGASNYH,DGASUSGULF,10,-0.03163109272520183,1228
2015-2019,DGASUSGULF,DCOILWTICO,10,-0.03507682892925046,1228
2015-2019,DGASUSGULF,DCOILBRENTEU,10,-0.011702568855725456,1228
2015-2019,DGASUSGULF,DGASNYH,10,-0.025432706005558935,1228
2015-2019,DCOILWTICO,DCOILBRENTEU,20,-0.007374471880734438,1218
2015-2019,DCOILWTICO,DGASNYH,20,0.0029569046240277255,1218
2015-2019,DCOILWTICO,DGASUSGULF,20,0.03140245826646714,1218
2015-2019,DCOILBRENTEU,DCOILWTICO,20,-0.009365135958101341,1218
2015-2019,DCOILBRENTEU,DGASNYH,20,0.03036320436762033,1218
2015-2019,DCOILBRENTEU,DGASUSGULF,20,0.03626471557791833,1218
2015-2019,DGASNYH,DCOILWTICO,20,0.004214650921479025,1218
2015-2019,DGASNYH,DCOILBRENTEU,20,-0.009118503142187517,1218
2015-2019,DGASNYH,DGASUSGULF,20,0.018506515745587426,1218
2015-2019,DGASUSGULF,DCOILWTICO,20,0.027500018171021767,1218
2015-2019,DGASUSGULF,DCOILBRENTEU,20,0.010153347169060491,1218
2015-2019,DGASUSGULF,DGASNYH,20,0.02805550345038679,1218
2020-2023,DCOILWTICO,DCOILBRENTEU,0,0.546181907568454,981
2020-2023,DCOILWTICO,DGASNYH,0,0.4469514727691808,981
2020-2023,DCOILWTICO,DGASUSGULF,0,0.43740240582534545,981
2020-2023,DCOILBRENTEU,DCOILWTICO,0,0.546181907568454,981
2020-2023,DCOILBRENTEU,DGASNYH,0,0.6597461582569537,981
2020-2023,DCOILBRENTEU,DGASUSGULF,0,0.6604189360832539,981
2020-2023,DGASNYH,DCOILWTICO,0,0.44695147276918074,981
2020-2023,DGASNYH,DCOILBRENTEU,0,0.6597461582569538,981
2020-2023,DGASNYH,DGASUSGULF,0,0.7543637258175192,981
2020-2023,DGASUSGULF,DCOILWTICO,0,0.43740240582534545,981
2020-2023,DGASUSGULF,DCOILBRENTEU,0,0.660418936083254,981
2020-2023,DGASUSGULF,DGASNYH,0,0.7543637258175192,981
2020-2023,DCOILWTICO,DCOILBRENTEU,1,0.15170623972119765,980
2020-2023,DCOILWTICO,DGASNYH,1,0.0927699538124852,980
2020-2023,DCOILWTICO,DGASUSGULF,1,0.10294544896305093,980
2020-2023,DCOILBRENTEU,DCOILWTICO,1,0.010474067323394025,980
2020-2023,DCOILBRENTEU,DGASNYH,1,0.07123771526822034,980
2020-2023,DCOILBRENTEU,DGASUSGULF,1,0.04891957927716558,980
2020-2023,DGASNYH,DCOILWTICO,1,0.04450426139403736,980
2020-2023,DGASNYH,DCOILBRENTEU,1,0.10104747808134656,980
2020-2023,DGASNYH,DGASUSGULF,1,0.09483203781386147,980
2020-2023,DGASUSGULF,DCOILWTICO,1,0.01775036812893068,980
2020-2023,DGASUSGULF,DCOILBRENTEU,1,0.08048336965429352,980
2020-2023,DGASUSGULF,DGASNYH,1,0.058083867438138335,980
2020-2023,DCOILWTICO,DCOILBRENTEU,2,-0.045615674897288114,979
2020-2023,DCOILWTICO,DGASNYH,2,-0.08795579620016275,979
2020-2023,DCOILWTICO,DGASUSGULF,2,-0.0787665591045921,979
2020-2023,DCOILBRENTEU,DCOILWTICO,2,-0.01911289647536296,979
2020-2023,DCOILBRENTEU,DGASNYH,2,-0.05985049898768146,979
2020-2023,DCOILBRENTEU,DGASUSGULF,2,-0.058719293766885824,979
2020-2023,DGASNYH,DCOILWTICO,2,-0.041440736709109194,979
2020-2023,DGASNYH,DCOILBRENTEU,2,-0.05601717862877636,979
2020-2023,DGASNYH,DGASUSGULF,2,-0.034658324417684475,979
2020-2023,DGASUSGULF,DCOILWTICO,2,-0.0033125724591919464,979
2020-2023,DGASUSGULF,DCOILBRENTEU,2,-0.02241972341216863,979
2020-2023,DGASUSGULF,DGASNYH,2,-0.04634749085493933,979
2020-2023,DCOILWTICO,DCOILBRENTEU,5,-0.02753010126006866,976
2020-2023,DCOILWTICO,DGASNYH,5,-0.0257635449382737,976
2020-2023,DCOILWTICO,DGASUSGULF,5,0.0018133908862347713,976
2020-2023,DCOILBRENTEU,DCOILWTICO,5,0.02719217876617144,976
2020-2023,DCOILBRENTEU,DGASNYH,5,-0.022663260076814955,976
2020-2023,DCOILBRENTEU,DGASUSGULF,5,-0.004079543494831063,976
2020-2023,DGASNYH,DCOILWTICO,5,0.012810290564478816,976
2020-2023,DGASNYH,DCOILBRENTEU,5,0.008390446391101865,976
2020-2023,DGASNYH,DGASUSGULF,5,0.007576143056799911,976
2020-2023,DGASUSGULF,DCOILWTICO,5,-0.004172100668189379,976
2020-2023,DGASUSGULF,DCOILBRENTEU,5,-0.032505499975428,976
2020-2023,DGASUSGULF,DGASNYH,5,-0.04891253045448587,976
2020-2023,DCOILWTICO,DCOILBRENTEU,10,0.010955187474240282,971
2020-2023,DCOILWTICO,DGASNYH,10,0.014342299445381606,971
2020-2023,DCOILWTICO,DGASUSGULF,10,-0.0042765534816534,971
2020-2023,DCOILBRENTEU,DCOILWTICO,10,-0.018809400967586917,971
2020-2023,DCOILBRENTEU,DGASNYH,10,0.028727118904423435,971
2020-2023,DCOILBRENTEU,DGASUSGULF,10,-0.008289804444690057,971
2020-2023,DGASNYH,DCOILWTICO,10,-0.008580453349787222,971
2020-2023,DGASNYH,DCOILBRENTEU,10,-0.006444933106237153,971
2020-2023,DGASNYH,DGASUSGULF,10,-0.013067911840076638,971
2020-2023,DGASUSGULF,DCOILWTICO,10,-0.03267025257447666,971
2020-2023,DGASUSGULF,DCOILBRENTEU,10,-0.0003531905402064171,971
2020-2023,DGASUSGULF,DGASNYH,10,0.017950826683292335,971
2020-2023,DCOILWTICO,DCOILBRENTEU,20,0.054181778920325704,961
2020-2023,DCOILWTICO,DGASNYH,20,0.019296566080210003,961
2020-2023,DCOILWTICO,DGASUSGULF,20,0.01594875399344676,961
2020-2023,DCOILBRENTEU,DCOILWTICO,20,0.0267654813111516,961
2020-2023,DCOILBRENTEU,DGASNYH,20,0.0030047895373219815,961
2020-2023,DCOILBRENTEU,DGASUSGULF,20,-0.004349100295981707,961
2020-2023,DGASNYH,DCOILWTICO,20,0.00014856103284448992,961
2020-2023,DGASNYH,DCOILBRENTEU,20,0.01921536905407765,961
2020-2023,DGASNYH,DGASUSGULF,20,-0.009210494017983914,961
2020-2023,DGASUSGULF,DCOILWTICO,20,0.022731345184320406,961
2020-2023,DGASUSGULF,DCOILBRENTEU,20,0.05629620489571588,961
2020-2023,DGASUSGULF,DGASNYH,20,0.015618112351136417,961
2024-2026,DCOILWTICO,DCOILBRENTEU,0,0.7981552283100528,673
2024-2026,DCOILWTICO,DGASNYH,0,0.6030617315078927,673
2024-2026,DCOILWTICO,DGASUSGULF,0,0.5874864267168506,673
2024-2026,DCOILBRENTEU,DCOILWTICO,0,0.7981552283100527,673
2024-2026,DCOILBRENTEU,DGASNYH,0,0.6140993824879912,673
2024-2026,DCOILBRENTEU,DGASUSGULF,0,0.585124034758562,673
2024-2026,DGASNYH,DCOILWTICO,0,0.6030617315078927,673
2024-2026,DGASNYH,DCOILBRENTEU,0,0.6140993824879912,673
2024-2026,DGASNYH,DGASUSGULF,0,0.8212184669795382,673
2024-2026,DGASUSGULF,DCOILWTICO,0,0.5874864267168505,673
2024-2026,DGASUSGULF,DCOILBRENTEU,0,0.5851240347585619,673
2024-2026,DGASUSGULF,DGASNYH,0,0.821218466979538,673
2024-2026,DCOILWTICO,DCOILBRENTEU,1,0.09779805850373363,672
2024-2026,DCOILWTICO,DGASNYH,1,-0.008982789821485815,672
2024-2026,DCOILWTICO,DGASUSGULF,1,-0.027373011746495996,672
2024-2026,DCOILBRENTEU,DCOILWTICO,1,-0.06848393185211767,672
2024-2026,DCOILBRENTEU,DGASNYH,1,-0.09386874346265053,672
2024-2026,DCOILBRENTEU,DGASUSGULF,1,-0.11448749371688702,672
2024-2026,DGASNYH,DCOILWTICO,1,0.04444218674777449,672
2024-2026,DGASNYH,DCOILBRENTEU,1,0.0990944341166177,672
2024-2026,DGASNYH,DGASUSGULF,1,0.021377841562276435,672
2024-2026,DGASUSGULF,DCOILWTICO,1,0.012320071480002293,672
2024-2026,DGASUSGULF,DCOILBRENTEU,1,0.07381360469082544,672
2024-2026,DGASUSGULF,DGASNYH,1,0.0044418051391958,672
2024-2026,DCOILWTICO,DCOILBRENTEU,2,-0.06856408558819369,671
2024-2026,DCOILWTICO,DGASNYH,2,-0.06012849931799614,671
2024-2026,DCOILWTICO,DGASUSGULF,2,-0.056463581668926614,671
2024-2026,DCOILBRENTEU,DCOILWTICO,2,0.02824092483502913,671
2024-2026,DCOILBRENTEU,DGASNYH,2,0.01459566904752002,671
2024-2026,DCOILBRENTEU,DGASUSGULF,2,0.018525693349200435,671
2024-2026,DGASNYH,DCOILWTICO,2,-0.014776993086950274,671
2024-2026,DGASNYH,DCOILBRENTEU,2,-0.02455802274154298,671
2024-2026,DGASNYH,DGASUSGULF,2,0.02235959834570495,671
2024-2026,DGASUSGULF,DCOILWTICO,2,-0.024457978185907205,671
2024-2026,DGASUSGULF,DCOILBRENTEU,2,0.010936427522470761,671
2024-2026,DGASUSGULF,DGASNYH,2,0.008670826178982094,671
2024-2026,DCOILWTICO,DCOILBRENTEU,5,0.0502905376951916,668
2024-2026,DCOILWTICO,DGASNYH,5,-0.016232352870993238,668
2024-2026,DCOILWTICO,DGASUSGULF,5,0.00975762011115702,668
2024-2026,DCOILBRENTEU,DCOILWTICO,5,-0.0110464279153829,668
2024-2026,DCOILBRENTEU,DGASNYH,5,-0.007588919869624617,668
2024-2026,DCOILBRENTEU,DGASUSGULF,5,0.01075945463958396,668
2024-2026,DGASNYH,DCOILWTICO,5,-0.004696744236862433,668
2024-2026,DGASNYH,DCOILBRENTEU,5,0.04046079427534769,668
2024-2026,DGASNYH,DGASUSGULF,5,-0.01669701663865116,668
2024-2026,DGASUSGULF,DCOILWTICO,5,-0.01214060853856378,668
2024-2026,DGASUSGULF,DCOILBRENTEU,5,0.023598099385633207,668
2024-2026,DGASUSGULF,DGASNYH,5,0.0036665619889284643,668
2024-2026,DCOILWTICO,DCOILBRENTEU,10,0.017403850694992295,663
2024-2026,DCOILWTICO,DGASNYH,10,0.011419760048058593,663
2024-2026,DCOILWTICO,DGASUSGULF,10,0.03304554041517993,663
2024-2026,DCOILBRENTEU,DCOILWTICO,10,0.07812336710388519,663
2024-2026,DCOILBRENTEU,DGASNYH,10,0.014895601684465364,663
2024-2026,DCOILBRENTEU,DGASUSGULF,10,0.018712822317362703,663
2024-2026,DGASNYH,DCOILWTICO,10,0.10789891706117603,663
2024-2026,DGASNYH,DCOILBRENTEU,10,0.13774474371789702,663
2024-2026,DGASNYH,DGASUSGULF,10,0.007997937672477747,663
2024-2026,DGASUSGULF,DCOILWTICO,10,0.09548827098170597,663
2024-2026,DGASUSGULF,DCOILBRENTEU,10,0.1315382446473733,663
2024-2026,DGASUSGULF,DGASNYH,10,0.0036222233883482758,663
2024-2026,DCOILWTICO,DCOILBRENTEU,20,0.03799800431645498,653
2024-2026,DCOILWTICO,DGASNYH,20,0.054851866143843006,653
2024-2026,DCOILWTICO,DGASUSGULF,20,0.055732130046443396,653
2024-2026,DCOILBRENTEU,DCOILWTICO,20,-0.000663274481380463,653
2024-2026,DCOILBRENTEU,DGASNYH,20,0.07176643299973443,653
2024-2026,DCOILBRENTEU,DGASUSGULF,20,0.06731691223277757,653
2024-2026,DGASNYH,DCOILWTICO,20,0.049144653768585206,653
2024-2026,DGASNYH,DCOILBRENTEU,20,-0.026568420159185747,653
2024-2026,DGASNYH,DGASUSGULF,20,0.037876960880287455,653
2024-2026,DGASUSGULF,DCOILWTICO,20,0.06456191025151256,653
2024-2026,DGASUSGULF,DCOILBRENTEU,20,-0.018398688833281638,653
2024-2026,DGASUSGULF,DGASNYH,20,0.07099332994016089,653
