date,actual_change,gas_history,oil_30d,oil_lags,oil_and_wholesale_lags
2025-01-06,0.04100000000000037,-0.0018550421755256677,-0.0016536247982735185,0.0045067795865751945,0.006326168800088261
2025-01-13,-0.0040000000000000036,0.013012800016592982,0.014507311037882645,0.023247243691913652,0.027625134312771374
2025-01-20,0.06599999999999984,0.00494388273101025,0.0037328010503445324,0.02143307615797755,0.022131723684488822
2025-01-27,-0.005999999999999783,0.024008633256867203,0.02469570785949604,0.038052915225895045,0.0363097698446184
2025-02-03,-0.02100000000000035,0.009271440555425623,0.01120147943381156,-0.0014868078138304333,-0.00044011212564650144
2025-02-10,0.04600000000000026,0.004457192672648076,0.006045128617240108,-0.0039339173108924996,-0.001978080491616153
2025-02-17,0.020000000000000018,0.017945055685632295,0.018882399690698763,0.0014611977127460627,0.006030250346303898
2025-02-24,-0.02300000000000013,0.014720210884813399,0.012209946685641746,0.0105975625923808,0.010586020384541685
2025-03-03,-0.04700000000000015,0.005997348054571776,0.0045475801805785485,0.003706624515995391,0.001681660800817272
2025-03-10,-0.008999999999999897,-0.003778529288243753,-0.005402597506304903,-0.006038784113883858,-0.017179056132341816
2025-03-17,-0.01100000000000012,0.0015068399305442955,0.001619306478766873,-0.009145829222108949,-0.009102507528690924
2025-03-24,0.057000000000000384,0.0018048235811160245,0.0021336953173085238,-0.003056996479797432,-0.0035700347137649006
2025-03-31,0.04699999999999971,0.021406805747253822,0.021460839245914923,0.018149628760177436,0.01522450187868595
2025-04-07,0.08099999999999996,0.024157513178196137,0.02248954401032426,0.02696744936963895,0.02949316655733741
2025-04-14,-0.07499999999999973,0.036265015821242454,0.03585099536621835,0.0035466546609124266,-0.004093745345411595
2025-04-21,-0.027000000000000135,-0.0018577214961684918,-0.0018685974187578212,-0.009124459113474273,-0.012899634728735449
2025-04-28,-0.008000000000000007,0.0005889563827379792,0.0009241915700871888,0.004092452976041634,0.002277408911060203
2025-05-05,0.01399999999999979,-0.0007031961714280302,-0.005582329609659006,-0.013116410864027268,-0.009285196571646122
2025-05-12,-0.02699999999999969,0.006561765559594481,0.006741923027344481,-0.012981089535197967,-0.014801847344925258
2025-05-19,0.052999999999999936,-0.0013331288213148554,0.0010212880847555127,0.004746139961358725,0.016801324962774457
2025-05-26,-0.0129999999999999,0.01732462862302878,0.01620075895786537,0.016402001764361403,0.015530933886227036
2025-06-02,-0.03300000000000036,0.0029690904460345315,-0.00016643522650616857,0.002735586663496411,0.008998951578552102
2025-06-09,-0.018999999999999684,-0.003639034703572451,-0.0018297486933016068,-0.006954027490671518,-0.011014100638521145
2025-06-16,0.030999999999999694,-0.005389027683330592,-0.004721097842305095,0.013063569703281736,0.009928796500290432
2025-06-23,0.07400000000000029,0.005527295650820698,0.005462899603162254,0.04298814474458391,0.052825444188709186
2025-06-30,-0.04899999999999993,0.02007456234719208,0.01944050814409607,0.03142699784575601,0.032494961532346926
2025-07-07,-0.039000000000000146,-0.006417583275749909,-0.0038633507948462173,-0.03583859458422884,-0.04002329474023042
2025-07-14,0.004999999999999893,-0.010484655994314916,-0.005298756580001318,-0.000492161580663017,0.007235374781997755
2025-07-21,-0.008999999999999897,-0.006247658104822911,-0.004939471817937676,-0.0020660827850696247,0.005159222531435136
2025-07-28,0.002000000000000224,-0.008624135334964984,-0.014402248081351545,-0.012962339449126559,-0.014362675758953046
2025-08-04,0.016999999999999904,-0.004699554080910387,-0.003392419223370596,-0.011272853719282161,-0.013126633227742617
2025-08-11,-0.02200000000000024,-0.0009401188656076167,-3.453822025562155e-05,0.005088111364925181,0.003265460848407789
2025-08-18,0.007000000000000117,-0.010146568475618959,-0.010869163279028194,-0.021422587318119725,-0.018964382874247985
2025-08-25,0.021999999999999797,-0.004943715680034855,-0.006516168070971939,-0.016792672878668504,-0.016438363781616328
2025-09-01,0.03000000000000025,-0.0015543336257331473,-0.0003768082265279064,-0.001146668608348163,0.005716353368820927
2025-09-08,0.015000000000000124,0.0025503548917293777,0.00018052375389484318,-0.00288339576567098,0.0028782891182079834
2025-09-15,-0.02400000000000002,0.000352841707637984,-0.0004414947144587263,-0.013845245072893196,-0.027396983605847792
2025-09-22,0.004999999999999893,-0.010334328583774827,-0.010369717236886811,-0.004746885654647528,-0.002136933734208751
2025-09-29,-0.05500000000000016,-0.006505158399676841,-0.006845679716235808,-0.008785004347758375,-0.012023639519656256
2025-10-06,0.006000000000000227,-0.022532572013424745,-0.024176799968907398,-0.003937599460014947,-0.008617990147788886
2025-10-13,-0.06300000000000017,-0.009618821031349747,-0.008416598969526951,-0.028549546827456616,-0.03827814299823046
2025-10-20,-0.041999999999999815,-0.026068245724051642,-0.025952674820746365,-0.02847190391720296,-0.026138487465913313
2025-10-27,0.016000000000000014,-0.02233278869098209,-0.01935254257106645,-0.029771163094482814,-0.026549973851198068
2025-11-03,-0.016000000000000014,-0.00855183298432791,-0.01163287635402638,0.0007704624302872988,-0.007214783203256311
2025-11-10,0.03699999999999992,-0.011627466344682189,-0.01222455656562775,-0.011484679032889576,-0.009367583498141588
2025-11-17,0.005999999999999783,0.004450040488840561,0.0031682222622396094,-0.002394080145684969,0.005646732035277496
2025-11-24,-0.0009999999999998899,-6.915301097243744e-05,0.002736462802947849,0.0013139579546330897,0.009558986074566908
2025-12-01,-0.07600000000000007,-0.0004958415462258755,-0.000985428697772017,-0.011863061325622464,-0.021690229444481155
2025-12-08,-0.04499999999999993,-0.02084222180277049,-0.022080041161445164,-0.011930508524788786,-0.00848872671286317
2025-12-15,-0.04499999999999993,-0.018287338531072138,-0.018146341152238867,-0.010995285596502846,-0.014084838107150497
2025-12-22,-0.053999999999999826,-0.019816377016254525,-0.020328565507832436,-0.024862772304492985,-0.03262045352338833
2025-12-29,-0.03000000000000025,-0.02033775224502715,-0.019223088197935063,-0.02005279784215848,-0.022367222940995485
2026-01-05,-0.015000000000000124,-0.013313259985506231,-0.011772242927056694,-0.005248643697539131,-0.007618825729572186
2026-01-12,-0.016999999999999904,-0.00724387839220668,-0.008264221767055206,-0.007955249218057656,0.014738443838979744
2026-01-19,0.027000000000000135,-0.004374068285080824,-0.00429142274365988,0.010146829719596403,0.020137238197041732
2026-01-26,0.04700000000000015,0.009086258256154526,0.009883615520388082,0.014607253941165013,0.02666002108915836
2026-02-02,0.01399999999999979,0.018459689036690943,0.01850561174499137,0.02392411430938007,0.034446975261424886
2026-02-09,0.03500000000000014,0.014796366396767022,0.016265238194332426,0.03302774032567244,0.03421484553717822
2026-02-16,0.021999999999999797,0.02034715624133178,0.02047951888645984,0.012026862948212475,0.011437455654491611
2026-02-23,0.0129999999999999,0.01730178124240314,0.017731448742187506,0.017694467297726526,-0.005681038782488853
2026-03-02,0.07800000000000029,0.015287058598311401,0.017686071033748346,0.031036990120589768,0.021359661986585364
2026-03-09,0.48699999999999966,0.03140185365378772,0.030206865666688402,0.02413070643580539,0.01759349494880949
2026-03-16,0.21800000000000042,0.14232591640117997,0.14116647227127152,0.21255671347428468,0.20818719023905824
2026-03-23,0.24099999999999966,0.10668178679926062,0.10778061567288819,0.14190963551720218,0.16718349569827187
2026-03-30,0.02900000000000036,0.11919670743627961,0.114866158215251,0.14775333650772823,0.15654193310037703
2026-04-06,0.1299999999999999,0.054611921514654015,0.06611839971595028,0.07811327958704642,0.0883943997541417
2026-04-13,0.0030000000000001137,0.06253198748943806,0.06458991658256992,0.1057360109830561,0.09929366932340364
2026-04-20,-0.07900000000000063,0.023688869500130345,0.02537304537806335,0.006359517743469301,0.004322087190391029
2026-04-27,0.07900000000000063,-0.004290949503001158,-0.003324468165430563,-0.0655727304810432,-0.042931852073281575
2026-05-04,0.32899999999999974,0.02377096983882957,0.02980306688525948,0.0638734874339855,0.07705622809840276
2026-05-11,0.04800000000000004,0.0930949283688605,0.08440602701478843,0.08759446578964962,0.08701622976392383
2026-05-18,-0.009999999999999787,0.04642858873162031,0.03561278937274747,-0.0027331251523854275,0.02501493998410737
2026-05-25,-0.015000000000000568,0.02753951753971317,0.03370909587144927,0.06642597273351153,0.08107021649857166
2026-06-01,-0.16999999999999993,0.007105766464026898,0.00914299401929891,-0.02398891682181292,-0.03803552119323549
2026-06-08,-0.1589999999999998,-0.04222361556581537,-0.04880966273668359,-0.08861085154567366,-0.0960425763650222
2026-06-15,-0.0940000000000003,-0.052956420394678724,-0.045309737557033145,-0.02720302845719995,-0.03932518614344574
2026-06-22,-0.13799999999999946,-0.045914165054643845,-0.05007208408047119,-0.08518723694445404,-0.09124987425361762
2026-06-29,-0.08300000000000018,-0.05505450580882627,-0.06008203018016831,-0.08616577665432147,-0.07433362844574956
2026-07-06,-0.053999999999999826,-0.04072835758569735,-0.03622639036070853,-0.10131002024518901,-0.07971151763946999
2026-07-13,0.07799999999999985,-0.03183894687600406,-0.03478881912232827,-0.04799089589550856,-0.03611376748886728
2026-07-20,0.14600000000000035,0.006617500021270668,0.0024129147600525816,0.005916515731829116,0.008881383786043988
2026-07-27,0.09499999999999975,0.03589273463296006,0.029571375352694097,0.06541201578139587,0.09111930436374004
2026-08-03,-0.017000000000000348,0.03551856357898974,0.034540221305324255,0.09206515794658217,0.06642524795827352
2026-08-10,-0.07299999999999951,0.007949093294796754,0.008909736053931963,-0.0041066688146004626,-0.0007389781686636666
2026-08-17,0.04300000000000015,-0.017838123156040362,-0.011913855852027106,-0.04636328721360439,-0.0647439927600218
2026-08-24,0.03599999999999959,-6.783947988331666e-05,0.006783800657292527,0.022707771177192266,0.01695865905482749
2026-08-31,-0.014000000000000234,0.0011520862519427898,-0.0017281380950341593,0.018351040309306305,0.03625507232030445
2026-09-07,0.0860000000000003,-0.006316247155795027,-0.011280259871561425,-0.02774552831380481,0.009463909342736613
2026-09-14,0.16199999999999992,0.01700661549877257,0.019317033105418952,0.056877075085504616,0.029884875438146077
2026-09-21,0.1589999999999998,0.04088209049631479,0.043056385180406616,0.09886709937945076,0.094362675476758
2026-09-28,-0.0129999999999999,0.05125837752093377,0.04751842471405173,0.0594227513510418,0.06034754934855346
