series,lag_days,era,regime,n,change_r,level_r
DCOILWTICO,0,2001-2007,all,366,0.25679051790031887,0.9565953055872474
DCOILWTICO,0,2001-2007,rising,211,0.07919343385324688,0.9564262866950506
DCOILWTICO,0,2001-2007,falling,155,0.23619733928064668,0.9642996338731031
DCOILWTICO,0,2008-2014,all,365,0.3126890441747017,0.8946663852794098
DCOILWTICO,0,2008-2014,rising,193,0.04337401233179609,0.9005582931394275
DCOILWTICO,0,2008-2014,falling,170,0.2383325836660908,0.9063641810131972
DCOILWTICO,0,2015-2019,all,261,0.20985334826241686,0.8544702570328899
DCOILWTICO,0,2015-2019,rising,133,-0.05806881323119984,0.8888927134709578
DCOILWTICO,0,2015-2019,falling,128,0.23102208079986147,0.8474434737082961
DCOILWTICO,0,2020-2023,all,208,0.24462456931762913,0.9424399048411513
DCOILWTICO,0,2020-2023,rising,112,0.1644940183606716,0.962497269286305
DCOILWTICO,0,2020-2023,falling,96,0.0011246336811145785,0.9341245031321898
DCOILWTICO,0,2024-2026,all,144,0.4430588594312333,0.875728031073537
DCOILWTICO,0,2024-2026,rising,70,0.6727537649409486,0.892816588375249
DCOILWTICO,0,2024-2026,falling,74,0.11201525767706742,0.8777245737519888
DCOILWTICO,1,2001-2007,all,366,0.3757409664903766,0.9562604908021429
DCOILWTICO,1,2001-2007,rising,211,0.22702782588720402,0.9559655454822389
DCOILWTICO,1,2001-2007,falling,152,0.19431008620302812,0.9599216452999167
DCOILWTICO,1,2008-2014,all,365,0.46073890435094184,0.8982369283210031
DCOILWTICO,1,2008-2014,rising,187,0.23620452032592712,0.9018629253846299
DCOILWTICO,1,2008-2014,falling,177,0.4000835731610306,0.9050753287702694
DCOILWTICO,1,2015-2019,all,261,0.3340574341191296,0.8592462954658998
DCOILWTICO,1,2015-2019,rising,136,0.11728421238802288,0.8925669230492492
DCOILWTICO,1,2015-2019,falling,125,0.28310990395749497,0.8544223566985072
DCOILWTICO,1,2020-2023,all,208,0.4905091204090562,0.961255806525087
DCOILWTICO,1,2020-2023,rising,118,0.3899389842654089,0.967685495320585
DCOILWTICO,1,2020-2023,falling,90,0.3261460678131753,0.9635095865042483
DCOILWTICO,1,2024-2026,all,144,0.5658503508596713,0.8644114769880884
DCOILWTICO,1,2024-2026,rising,73,0.603097056270127,0.8947342444337479
DCOILWTICO,1,2024-2026,falling,70,0.19889518982591,0.8639947035245099
DCOILWTICO,3,2001-2007,all,366,0.3757409664903766,0.9562604908021429
DCOILWTICO,3,2001-2007,rising,211,0.22702782588720402,0.9559655454822389
DCOILWTICO,3,2001-2007,falling,152,0.19431008620302812,0.9599216452999167
DCOILWTICO,3,2008-2014,all,365,0.46073890435094184,0.8982369283210031
DCOILWTICO,3,2008-2014,rising,187,0.23620452032592712,0.9018629253846299
DCOILWTICO,3,2008-2014,falling,177,0.4000835731610306,0.9050753287702694
DCOILWTICO,3,2015-2019,all,261,0.3340574341191296,0.8592462954658998
DCOILWTICO,3,2015-2019,rising,136,0.11728421238802288,0.8925669230492492
DCOILWTICO,3,2015-2019,falling,125,0.28310990395749497,0.8544223566985072
DCOILWTICO,3,2020-2023,all,208,0.4905091204090562,0.961255806525087
DCOILWTICO,3,2020-2023,rising,118,0.3899389842654089,0.967685495320585
DCOILWTICO,3,2020-2023,falling,90,0.3261460678131753,0.9635095865042483
DCOILWTICO,3,2024-2026,all,144,0.5658503508596713,0.8644114769880884
DCOILWTICO,3,2024-2026,rising,73,0.603097056270127,0.8947342444337479
DCOILWTICO,3,2024-2026,falling,70,0.19889518982591,0.8639947035245099
DCOILWTICO,7,2001-2007,all,366,0.40050595448800147,0.9594796283525658
DCOILWTICO,7,2001-2007,rising,210,0.22109022542152823,0.9573750989377795
DCOILWTICO,7,2001-2007,falling,156,0.31435422608554425,0.9647896490202481
DCOILWTICO,7,2008-2014,all,365,0.4830345042103157,0.9031254835019192
DCOILWTICO,7,2008-2014,rising,194,0.13590108543652168,0.9038972232131331
DCOILWTICO,7,2008-2014,falling,169,0.4064777253411586,0.9103318689525565
DCOILWTICO,7,2015-2019,all,261,0.38910804182417325,0.8737574134770368
DCOILWTICO,7,2015-2019,rising,132,0.2297595428663215,0.9077712385282508
DCOILWTICO,7,2015-2019,falling,129,0.3302680527416376,0.8526608834092761
DCOILWTICO,7,2020-2023,all,208,0.3457317705528918,0.9491843151095503
DCOILWTICO,7,2020-2023,rising,112,0.16697308817410308,0.9656484092448687
DCOILWTICO,7,2020-2023,falling,96,0.12042921670993136,0.9380269361790239
DCOILWTICO,7,2024-2026,all,144,0.5700231185487186,0.8868470436316858
DCOILWTICO,7,2024-2026,rising,70,0.48328398993326077,0.8900407495507646
DCOILWTICO,7,2024-2026,falling,74,0.403960837197535,0.8894553841024604
DCOILWTICO,8,2001-2007,all,366,0.3382288922277777,0.9580327578535673
DCOILWTICO,8,2001-2007,rising,210,0.1455924469364392,0.9568460560850707
DCOILWTICO,8,2001-2007,falling,153,0.2740972580376236,0.9599600215254684
DCOILWTICO,8,2008-2014,all,365,0.4651542704314188,0.904116550493224
DCOILWTICO,8,2008-2014,rising,188,0.21706200809782336,0.9047085212216309
DCOILWTICO,8,2008-2014,falling,176,0.429742518391239,0.9079163212152227
DCOILWTICO,8,2015-2019,all,261,0.37362572070741096,0.8731035822832196
DCOILWTICO,8,2015-2019,rising,135,0.16217387103683076,0.9082553596543633
DCOILWTICO,8,2015-2019,falling,126,0.23067081007919768,0.8514345125456826
DCOILWTICO,8,2020-2023,all,208,0.422641704458676,0.9654224192616494
DCOILWTICO,8,2020-2023,rising,118,0.08854856074813121,0.9667333096872257
DCOILWTICO,8,2020-2023,falling,90,0.4134763164994681,0.967791018998775
DCOILWTICO,8,2024-2026,all,144,0.49574510872393585,0.8781847952379009
DCOILWTICO,8,2024-2026,rising,74,0.38302767052379605,0.888750233083664
DCOILWTICO,8,2024-2026,falling,69,0.332439571190482,0.8698444017297002
DCOILWTICO,14,2001-2007,all,366,0.19062706117313455,0.9581801986362066
DCOILWTICO,14,2001-2007,rising,209,0.18974382269248266,0.9575325428346128
DCOILWTICO,14,2001-2007,falling,157,0.12304907649299823,0.9599638227187846
DCOILWTICO,14,2008-2014,all,365,0.3482749273803354,0.8990021264722418
DCOILWTICO,14,2008-2014,rising,195,-0.020411421562172516,0.8994973565670787
DCOILWTICO,14,2008-2014,falling,168,0.4165143993620755,0.9016611815118046
DCOILWTICO,14,2015-2019,all,261,0.24842426036599716,0.8746800129692625
DCOILWTICO,14,2015-2019,rising,131,0.16080993332737786,0.9137602602509594
DCOILWTICO,14,2015-2019,falling,130,0.33501513119093085,0.8425625807848923
DCOILWTICO,14,2020-2023,all,208,0.1094325730607754,0.945700763489364
DCOILWTICO,14,2020-2023,rising,112,0.03806385748354395,0.9624662326527629
DCOILWTICO,14,2020-2023,falling,96,-0.007030746929329644,0.9316225633495484
DCOILWTICO,14,2024-2026,all,144,0.12116558565989859,0.8613771354785461
DCOILWTICO,14,2024-2026,rising,71,0.12123082237206541,0.8613910274188293
DCOILWTICO,14,2024-2026,falling,73,-0.12360035207434557,0.8620969633236326
DCOILWTICO,21,2001-2007,all,366,0.12703025065332435,0.9547053220332625
DCOILWTICO,21,2001-2007,rising,208,0.15059635110141736,0.9544651904089771
DCOILWTICO,21,2001-2007,falling,158,0.010075028687764645,0.955250845988056
DCOILWTICO,21,2008-2014,all,365,0.14756906398090722,0.8857734604759446
DCOILWTICO,21,2008-2014,rising,196,-0.15300891411200915,0.886100710820535
DCOILWTICO,21,2008-2014,falling,167,0.2898883934977186,0.8872316508734757
DCOILWTICO,21,2015-2019,all,261,0.21321033293079633,0.8639976625875141
DCOILWTICO,21,2015-2019,rising,130,0.11952521252363485,0.9057800474317043
DCOILWTICO,21,2015-2019,falling,131,0.21745145688181472,0.8240698229015675
DCOILWTICO,21,2020-2023,all,208,0.09529790148296502,0.9389548415790981
DCOILWTICO,21,2020-2023,rising,113,0.07953146453493935,0.9596137921200205
DCOILWTICO,21,2020-2023,falling,95,-0.07006971624209302,0.9187306022954186
DCOILWTICO,21,2024-2026,all,144,-0.05850349793704462,0.8248084371769105
DCOILWTICO,21,2024-2026,rising,70,-0.13090034002023038,0.8215607128707777
DCOILWTICO,21,2024-2026,falling,74,-0.06263141452878322,0.8295355134667168
DCOILWTICO,28,2001-2007,all,366,0.07854925050772378,0.9497023173773192
DCOILWTICO,28,2001-2007,rising,208,0.10630479333441567,0.9499279473975919
DCOILWTICO,28,2001-2007,falling,158,-0.015695298495755978,0.9493268286089422
DCOILWTICO,28,2008-2014,all,365,0.1519256422593958,0.8688714786935285
DCOILWTICO,28,2008-2014,rising,196,-0.17877927842120991,0.869959479829249
DCOILWTICO,28,2008-2014,falling,167,0.32067129093782154,0.8681660941625766
DCOILWTICO,28,2015-2019,all,261,0.14057684113042027,0.8398329950238301
DCOILWTICO,28,2015-2019,rising,129,0.12106615209340645,0.8911619337517971
DCOILWTICO,28,2015-2019,falling,132,0.12453719344939784,0.7875514333913692
DCOILWTICO,28,2020-2023,all,208,0.13859376886769617,0.9295334851112077
DCOILWTICO,28,2020-2023,rising,114,0.0760270234228432,0.9518962940159011
DCOILWTICO,28,2020-2023,falling,94,-0.016973584019228615,0.9061872569897292
DCOILWTICO,28,2024-2026,all,144,0.1646139605369472,0.7961826958688145
DCOILWTICO,28,2024-2026,rising,69,0.09438484679468509,0.797227117238232
DCOILWTICO,28,2024-2026,falling,75,0.07009272713319244,0.7930525027754158
DCOILWTICO,30,2001-2007,all,366,0.05809889762828532,0.9480959467709233
DCOILWTICO,30,2001-2007,rising,209,0.05679120421707703,0.9525636826060822
DCOILWTICO,30,2001-2007,falling,154,0.08368452618114328,0.9411630877822074
DCOILWTICO,30,2008-2014,all,365,0.17224769824145064,0.8694346497481302
DCOILWTICO,30,2008-2014,rising,190,0.0949717587510295,0.8752767725981441
DCOILWTICO,30,2008-2014,falling,174,0.254040628739996,0.864668372695457
DCOILWTICO,30,2015-2019,all,261,0.1254223821924802,0.8297857762765618
DCOILWTICO,30,2015-2019,rising,132,0.08348218973405032,0.8682101573746968
DCOILWTICO,30,2015-2019,falling,129,0.04366020714223423,0.7922927182817914
DCOILWTICO,30,2020-2023,all,208,0.18256144273634367,0.9449206171372141
DCOILWTICO,30,2020-2023,rising,120,0.04281841045057889,0.9452218610989762
DCOILWTICO,30,2020-2023,falling,88,0.16027684078011226,0.9457677402338919
DCOILWTICO,30,2024-2026,all,144,0.1345259286583189,0.782643649475612
DCOILWTICO,30,2024-2026,rising,72,0.2894547803283858,0.8120135682000352
DCOILWTICO,30,2024-2026,falling,71,0.08240456194389088,0.7523900518885893
DCOILWTICO,42,2001-2007,all,366,-0.0034798900401147225,0.937819896745302
DCOILWTICO,42,2001-2007,rising,209,-0.051416836612522644,0.9417437387244093
DCOILWTICO,42,2001-2007,falling,157,0.06544058204505437,0.9319181378617493
DCOILWTICO,42,2008-2014,all,365,0.1334741895506858,0.823974510714729
DCOILWTICO,42,2008-2014,rising,196,-0.1145194286012928,0.8250435472346035
DCOILWTICO,42,2008-2014,falling,167,0.32442263523309556,0.8206949842975836
DCOILWTICO,42,2015-2019,all,261,0.09820622097259427,0.7589261748286611
DCOILWTICO,42,2015-2019,rising,129,0.04220263843891175,0.7947132386682167
DCOILWTICO,42,2015-2019,falling,132,-0.03594392161347338,0.7158729529414107
DCOILWTICO,42,2020-2023,all,208,0.016936827106547068,0.9027234318970673
DCOILWTICO,42,2020-2023,rising,115,0.04441425159645333,0.9253713001722144
DCOILWTICO,42,2020-2023,falling,93,-0.07472067842845946,0.8785059583661995
DCOILWTICO,42,2024-2026,all,144,-0.017026940750725094,0.7160310265848163
DCOILWTICO,42,2024-2026,rising,67,-0.23977784639822275,0.6844862611629022
DCOILWTICO,42,2024-2026,falling,77,0.10717826631625368,0.7482834728073414
DCOILWTICO,60,2001-2007,all,366,0.07275090877845115,0.9253773414076636
DCOILWTICO,60,2001-2007,rising,209,0.09470838609059617,0.9358156573133212
DCOILWTICO,60,2001-2007,falling,156,-0.06640179862007597,0.910950768935608
DCOILWTICO,60,2008-2014,all,365,0.09451515046319067,0.7592469705652073
DCOILWTICO,60,2008-2014,rising,187,0.06795091586845578,0.8156519492528718
DCOILWTICO,60,2008-2014,falling,178,0.09828261897397289,0.7060080035766985
DCOILWTICO,60,2015-2019,all,261,0.024026890408813156,0.6441824086260509
DCOILWTICO,60,2015-2019,rising,132,0.042270783678228,0.6832549219324592
DCOILWTICO,60,2015-2019,falling,129,-0.05239140203638933,0.6041814143950585
DCOILWTICO,60,2020-2023,all,208,-0.007309360252215368,0.8890944438291313
DCOILWTICO,60,2020-2023,rising,120,0.0936824677100944,0.8907131409186843
DCOILWTICO,60,2020-2023,falling,88,-0.08767644696946601,0.8860793532650034
DCOILWTICO,60,2024-2026,all,144,0.1538114142072251,0.6188283346679696
DCOILWTICO,60,2024-2026,rising,73,0.0812574994411936,0.5840581957440032
DCOILWTICO,60,2024-2026,falling,71,0.10426431307649346,0.6494957750150269
DCOILBRENTEU,0,2001-2007,all,364,0.27486669749227804,0.9633113771716874
DCOILBRENTEU,0,2001-2007,rising,200,0.14919452415726175,0.9661614363426229
DCOILBRENTEU,0,2001-2007,falling,163,0.20773044220683867,0.9660002934618614
DCOILBRENTEU,0,2008-2014,all,365,0.4275637396447714,0.9550246731899192
DCOILBRENTEU,0,2008-2014,rising,187,0.15874479900381397,0.9627555858397362
DCOILBRENTEU,0,2008-2014,falling,178,0.3293730977569909,0.9572313119261924
DCOILBRENTEU,0,2015-2019,all,261,0.2774752249055329,0.8664303743415527
DCOILBRENTEU,0,2015-2019,rising,138,-0.006152138346515337,0.9012035580015989
DCOILBRENTEU,0,2015-2019,falling,122,0.3739145404969226,0.8572415864221915
DCOILBRENTEU,0,2020-2023,all,208,0.40047001649326447,0.9605085893578349
DCOILBRENTEU,0,2020-2023,rising,116,0.4323548133815831,0.9647790023240167
DCOILBRENTEU,0,2020-2023,falling,92,0.009496802204825837,0.9631143507550373
DCOILBRENTEU,0,2024-2026,all,144,0.45670110636119393,0.8548710305283532
DCOILBRENTEU,0,2024-2026,rising,69,0.47070148881654317,0.8965099263103677
DCOILBRENTEU,0,2024-2026,falling,75,0.20664165142472107,0.836615141478151
DCOILBRENTEU,1,2001-2007,all,364,0.38106801929758044,0.9643100323005941
DCOILBRENTEU,1,2001-2007,rising,209,0.2803730981851132,0.9673876995121362
DCOILBRENTEU,1,2001-2007,falling,154,0.24428240664633455,0.9642706175892933
DCOILBRENTEU,1,2008-2014,all,365,0.5365395049542425,0.9594704337704825
DCOILBRENTEU,1,2008-2014,rising,188,0.35702250886665904,0.9715122141698395
DCOILBRENTEU,1,2008-2014,falling,176,0.4007876856824814,0.9571042404592706
DCOILBRENTEU,1,2015-2019,all,261,0.41355152855486377,0.8762460820394752
DCOILBRENTEU,1,2015-2019,rising,136,0.11587159980358623,0.879118122684482
DCOILBRENTEU,1,2015-2019,falling,124,0.38489505215668013,0.8877000818555761
DCOILBRENTEU,1,2020-2023,all,208,0.5260047471822402,0.9635792207505661
DCOILBRENTEU,1,2020-2023,rising,114,0.4590472138428092,0.9657042229744249
DCOILBRENTEU,1,2020-2023,falling,94,0.3579915537338649,0.9682411251911773
DCOILBRENTEU,1,2024-2026,all,144,0.6030758270301687,0.8495182406840921
DCOILBRENTEU,1,2024-2026,rising,74,0.65198684486948,0.8823226220460081
DCOILBRENTEU,1,2024-2026,falling,70,0.3255559695051518,0.8458642757345389
DCOILBRENTEU,3,2001-2007,all,366,0.38104052143841916,0.9645019151085863
DCOILBRENTEU,3,2001-2007,rising,210,0.28149476098486836,0.9675880042728834
DCOILBRENTEU,3,2001-2007,falling,154,0.24428240664633455,0.9642706175892933
DCOILBRENTEU,3,2008-2014,all,365,0.5365395049542425,0.9594704337704825
DCOILBRENTEU,3,2008-2014,rising,188,0.35702250886665904,0.9715122141698395
DCOILBRENTEU,3,2008-2014,falling,176,0.4007876856824814,0.9571042404592706
DCOILBRENTEU,3,2015-2019,all,261,0.41355152855486377,0.8762460820394752
DCOILBRENTEU,3,2015-2019,rising,136,0.11587159980358623,0.879118122684482
DCOILBRENTEU,3,2015-2019,falling,124,0.38489505215668013,0.8877000818555761
DCOILBRENTEU,3,2020-2023,all,208,0.5260047471822402,0.9635792207505661
DCOILBRENTEU,3,2020-2023,rising,114,0.4590472138428092,0.9657042229744249
DCOILBRENTEU,3,2020-2023,falling,94,0.3579915537338649,0.9682411251911773
DCOILBRENTEU,3,2024-2026,all,144,0.6030758270301687,0.8495182406840921
DCOILBRENTEU,3,2024-2026,rising,74,0.65198684486948,0.8823226220460081
DCOILBRENTEU,3,2024-2026,falling,70,0.3255559695051518,0.8458642757345389
DCOILBRENTEU,7,2001-2007,all,364,0.38819784223224413,0.9665107181641067
DCOILBRENTEU,7,2001-2007,rising,199,0.30197345203448744,0.9679371391023084
DCOILBRENTEU,7,2001-2007,falling,164,0.2916067691199938,0.9670938893342558
DCOILBRENTEU,7,2008-2014,all,365,0.5214641238260642,0.9647218044953596
DCOILBRENTEU,7,2008-2014,rising,188,0.3124201511471969,0.9673708872692286
DCOILBRENTEU,7,2008-2014,falling,177,0.41552149288309853,0.9653045772099563
DCOILBRENTEU,7,2015-2019,all,261,0.44036372701562515,0.8850037048902549
DCOILBRENTEU,7,2015-2019,rising,137,0.2730010952386217,0.9186926317365723
DCOILBRENTEU,7,2015-2019,falling,123,0.4589377192368042,0.8619555858436351
DCOILBRENTEU,7,2020-2023,all,208,0.5107088695200057,0.964452045783783
DCOILBRENTEU,7,2020-2023,rising,116,0.35925800602294344,0.9675193358393727
DCOILBRENTEU,7,2020-2023,falling,92,0.326104748865006,0.9637753584977383
DCOILBRENTEU,7,2024-2026,all,144,0.5685717728044771,0.8688925795607723
DCOILBRENTEU,7,2024-2026,rising,69,0.5428049551360262,0.8962213429003124
DCOILBRENTEU,7,2024-2026,falling,75,0.23889219769893924,0.8446494959776024
DCOILBRENTEU,8,2001-2007,all,364,0.3916726709753521,0.9667150503404964
DCOILBRENTEU,8,2001-2007,rising,208,0.20055212881972936,0.9662884080113726
DCOILBRENTEU,8,2001-2007,falling,155,0.36800866050653275,0.9682444039778293
DCOILBRENTEU,8,2008-2014,all,365,0.48230129242084746,0.9668136486194209
DCOILBRENTEU,8,2008-2014,rising,189,0.21334858009771984,0.9719766067993268
DCOILBRENTEU,8,2008-2014,falling,175,0.37462396455371255,0.96516299449263
DCOILBRENTEU,8,2015-2019,all,261,0.3910763357212697,0.8891669849069864
DCOILBRENTEU,8,2015-2019,rising,135,0.09861523750455303,0.8948057545783495
DCOILBRENTEU,8,2015-2019,falling,125,0.3892566460284496,0.8867046860176497
DCOILBRENTEU,8,2020-2023,all,208,0.48553059756268163,0.9650304518345103
DCOILBRENTEU,8,2020-2023,rising,114,0.2047718679385597,0.964128320773207
DCOILBRENTEU,8,2020-2023,falling,94,0.4101050110044335,0.9681786290543826
DCOILBRENTEU,8,2024-2026,all,144,0.44023093633607224,0.8558500245909197
DCOILBRENTEU,8,2024-2026,rising,75,0.5684724468851612,0.887424008584535
DCOILBRENTEU,8,2024-2026,falling,69,0.20476498742139304,0.8249995591343947
DCOILBRENTEU,14,2001-2007,all,364,0.18883189692356345,0.9655998079108958
DCOILBRENTEU,14,2001-2007,rising,198,0.07368848239220988,0.9680012083317924
DCOILBRENTEU,14,2001-2007,falling,165,0.17176507491536425,0.9635777875116234
DCOILBRENTEU,14,2008-2014,all,365,0.35348478930611504,0.9640000290778354
DCOILBRENTEU,14,2008-2014,rising,189,0.14091213466801286,0.9637167705305695
DCOILBRENTEU,14,2008-2014,falling,176,0.37447777828431567,0.9649360194315622
DCOILBRENTEU,14,2015-2019,all,261,0.2874074708806693,0.8861176277304224
DCOILBRENTEU,14,2015-2019,rising,137,0.10614820333572118,0.9201876430613649
DCOILBRENTEU,14,2015-2019,falling,123,0.2523850209471962,0.8539474057229868
DCOILBRENTEU,14,2020-2023,all,208,0.17472567598468233,0.9584527973942352
DCOILBRENTEU,14,2020-2023,rising,115,0.007892170270635759,0.9634632639903816
DCOILBRENTEU,14,2020-2023,falling,93,0.1852106346676815,0.953020858933771
DCOILBRENTEU,14,2024-2026,all,144,0.06972058474069467,0.848166698451497
DCOILBRENTEU,14,2024-2026,rising,70,0.10346456385877649,0.8771302181646041
DCOILBRENTEU,14,2024-2026,falling,74,-0.2091273152844464,0.8145139971237756
DCOILBRENTEU,21,2001-2007,all,364,0.188868118616386,0.9626898856316854
DCOILBRENTEU,21,2001-2007,rising,197,0.15784751157387836,0.9651316407624749
DCOILBRENTEU,21,2001-2007,falling,166,0.1548290149321801,0.9600285416500048
DCOILBRENTEU,21,2008-2014,all,365,0.20060629508095573,0.9561428536918177
DCOILBRENTEU,21,2008-2014,rising,190,-0.007751875209732081,0.9538777443110129
DCOILBRENTEU,21,2008-2014,falling,175,0.3537404834418302,0.9584783225825145
DCOILBRENTEU,21,2015-2019,all,261,0.22883675114698268,0.8752252423774953
DCOILBRENTEU,21,2015-2019,rising,136,0.09489562630630066,0.917042290715864
DCOILBRENTEU,21,2015-2019,falling,124,0.1962709348764053,0.8297850505512592
DCOILBRENTEU,21,2020-2023,all,208,0.1552894647826948,0.9488664676256614
DCOILBRENTEU,21,2020-2023,rising,116,0.06574168961996002,0.9563522337162201
DCOILBRENTEU,21,2020-2023,falling,92,0.11667206423712642,0.9390687797204703
DCOILBRENTEU,21,2024-2026,all,144,0.01726677716041222,0.8226944679606093
DCOILBRENTEU,21,2024-2026,rising,69,-0.19859710840923023,0.8497083663623926
DCOILBRENTEU,21,2024-2026,falling,75,0.1304183621149353,0.7948631143896028
DCOILBRENTEU,28,2001-2007,all,364,0.07891471695898802,0.9576050172901125
DCOILBRENTEU,28,2001-2007,rising,197,-0.04412529301355094,0.9602904608917492
DCOILBRENTEU,28,2001-2007,falling,166,0.14916545280277488,0.9545121446428889
DCOILBRENTEU,28,2008-2014,all,365,0.20208191719036817,0.9442778837560911
DCOILBRENTEU,28,2008-2014,rising,190,-0.008668340201377136,0.9429013843754733
DCOILBRENTEU,28,2008-2014,falling,175,0.35495603208175797,0.9453646154509586
DCOILBRENTEU,28,2015-2019,all,261,0.17732571629498514,0.8533937437288968
DCOILBRENTEU,28,2015-2019,rising,135,0.11158303838481982,0.9055261263760189
DCOILBRENTEU,28,2015-2019,falling,125,0.10204741664983313,0.7949645749731017
DCOILBRENTEU,28,2020-2023,all,208,0.15205455629204595,0.9365170813767596
DCOILBRENTEU,28,2020-2023,rising,117,0.05827007465902453,0.9463570344514474
DCOILBRENTEU,28,2020-2023,falling,91,0.16012848422129292,0.9231011388946012
DCOILBRENTEU,28,2024-2026,all,144,0.13376082087997276,0.7986631650148848
DCOILBRENTEU,28,2024-2026,rising,68,0.057159904587659405,0.8352215436404465
DCOILBRENTEU,28,2024-2026,falling,76,0.13730973302383875,0.7581350627105714
DCOILBRENTEU,30,2001-2007,all,364,0.04618024674873948,0.9563553441213886
DCOILBRENTEU,30,2001-2007,rising,207,-0.06877868016596783,0.9578194401838069
DCOILBRENTEU,30,2001-2007,falling,156,0.07868485331156648,0.9535733251759124
DCOILBRENTEU,30,2008-2014,all,365,0.19421307360516776,0.9435636022860138
DCOILBRENTEU,30,2008-2014,rising,190,0.042378569869553274,0.9445593816740406
DCOILBRENTEU,30,2008-2014,falling,174,0.21039276738606238,0.9433955669751951
DCOILBRENTEU,30,2015-2019,all,261,0.14163858211828317,0.8504148666338246
DCOILBRENTEU,30,2015-2019,rising,132,0.13224657663513686,0.8842107094495658
DCOILBRENTEU,30,2015-2019,falling,128,0.22019329833928547,0.8136318509709769
DCOILBRENTEU,30,2020-2023,all,208,0.14565070409978897,0.9341499118741802
DCOILBRENTEU,30,2020-2023,rising,116,0.0012053173503603447,0.9355443112164068
DCOILBRENTEU,30,2020-2023,falling,92,0.08303643170143404,0.9326046732261692
DCOILBRENTEU,30,2024-2026,all,144,0.09786186883110723,0.7852385385958467
DCOILBRENTEU,30,2024-2026,rising,73,0.0701178828500061,0.837736044991603
DCOILBRENTEU,30,2024-2026,falling,71,0.11074095678206058,0.7424903996294426
DCOILBRENTEU,42,2001-2007,all,364,0.05623499303686634,0.9459145978039535
DCOILBRENTEU,42,2001-2007,rising,197,-0.05404766949961715,0.9498346737806301
DCOILBRENTEU,42,2001-2007,falling,166,0.20232062776781362,0.9415739943119695
DCOILBRENTEU,42,2008-2014,all,365,0.1548974174907208,0.9104663453556832
DCOILBRENTEU,42,2008-2014,rising,190,-0.07222955958881959,0.9126116491266876
DCOILBRENTEU,42,2008-2014,falling,175,0.32790205515895876,0.9070734815719628
DCOILBRENTEU,42,2015-2019,all,261,0.03940197658609712,0.7795783906225362
DCOILBRENTEU,42,2015-2019,rising,135,-0.06806405825106648,0.8180358066378605
DCOILBRENTEU,42,2015-2019,falling,125,-0.07305124606395522,0.7329614842277045
DCOILBRENTEU,42,2020-2023,all,208,-0.034696288630516645,0.9054877820049775
DCOILBRENTEU,42,2020-2023,rising,118,0.054335444974632205,0.9156053451537912
DCOILBRENTEU,42,2020-2023,falling,90,-0.054984819746870243,0.8927850719823586
DCOILBRENTEU,42,2024-2026,all,144,0.08904356574181181,0.7422832587499903
DCOILBRENTEU,42,2024-2026,rising,67,-0.1858579239459309,0.763989972360491
DCOILBRENTEU,42,2024-2026,falling,77,0.24144063776369487,0.712163304908733
DCOILBRENTEU,60,2001-2007,all,366,0.044150491330630426,0.9300017530572093
DCOILBRENTEU,60,2001-2007,rising,200,0.05770736112744377,0.9378604758916985
DCOILBRENTEU,60,2001-2007,falling,162,-0.009593188304133289,0.9175041878271983
DCOILBRENTEU,60,2008-2014,all,365,0.14722007104027743,0.8567521182157218
DCOILBRENTEU,60,2008-2014,rising,187,0.011507638356867904,0.8813674408394248
DCOILBRENTEU,60,2008-2014,falling,176,0.21425839464890511,0.8316487363446229
DCOILBRENTEU,60,2015-2019,all,261,-0.00012525037876650902,0.6845475975927319
DCOILBRENTEU,60,2015-2019,rising,130,0.057437672460624346,0.7747442285076417
DCOILBRENTEU,60,2015-2019,falling,131,-0.04644791480916789,0.611968745007382
DCOILBRENTEU,60,2020-2023,all,208,-0.010169726025110945,0.8720396642064658
DCOILBRENTEU,60,2020-2023,rising,110,0.038502216311469786,0.8718002899968815
DCOILBRENTEU,60,2020-2023,falling,98,-0.06034272642286629,0.8707793689897959
DCOILBRENTEU,60,2024-2026,all,144,0.19165075602106496,0.6449111040239917
DCOILBRENTEU,60,2024-2026,rising,71,0.21760320913356684,0.6858324544630138
DCOILBRENTEU,60,2024-2026,falling,73,0.09620855978598229,0.5933783389281814
DGASNYH,0,2001-2007,all,366,0.4983481226442367,0.9827220451865845
DGASNYH,0,2001-2007,rising,201,0.6027075083885869,0.9889226942621835
DGASNYH,0,2001-2007,falling,161,0.2783556805948783,0.9865730839829313
DGASNYH,0,2008-2014,all,365,0.4543356672272839,0.9737533457165625
DGASNYH,0,2008-2014,rising,190,0.284896663995153,0.9852823312236069
DGASNYH,0,2008-2014,falling,172,0.2887312334600633,0.9752979873737138
DGASNYH,0,2015-2019,all,261,0.3708033389174778,0.9240903339339543
DGASNYH,0,2015-2019,rising,140,0.3291531816740161,0.9468957788554774
DGASNYH,0,2015-2019,falling,119,0.24075395919965012,0.9377992257136876
DGASNYH,0,2020-2023,all,208,0.4194108744467723,0.9795013608341144
DGASNYH,0,2020-2023,rising,108,0.4696243099882411,0.9868224097387688
DGASNYH,0,2020-2023,falling,99,0.0478205493885568,0.983293433587734
DGASNYH,0,2024-2026,all,144,0.33773524911280967,0.9552322946243368
DGASNYH,0,2024-2026,rising,76,0.4474973058507553,0.9623854965775466
DGASNYH,0,2024-2026,falling,67,0.013885079706896203,0.968380538803701
DGASNYH,1,2001-2007,all,366,0.6452215202655284,0.9846845071752274
DGASNYH,1,2001-2007,rising,188,0.6927112801109893,0.9920182667481209
DGASNYH,1,2001-2007,falling,175,0.3613322092381789,0.9863188096806011
DGASNYH,1,2008-2014,all,365,0.5602800965777743,0.9757028414885389
DGASNYH,1,2008-2014,rising,177,0.40032133942062775,0.9848605700486589
DGASNYH,1,2008-2014,falling,187,0.4414291238722541,0.9767810236649667
DGASNYH,1,2015-2019,all,261,0.5656188740831505,0.9344359404868631
DGASNYH,1,2015-2019,rising,135,0.5375780176580404,0.9546367013538625
DGASNYH,1,2015-2019,falling,124,0.2449147698893352,0.9434400222300702
DGASNYH,1,2020-2023,all,208,0.5079614076722802,0.9808195525539763
DGASNYH,1,2020-2023,rising,110,0.5820386991317218,0.9867702573654388
DGASNYH,1,2020-2023,falling,98,0.2890050896854282,0.9838340269358485
DGASNYH,1,2024-2026,all,144,0.537071707188387,0.9577127849678394
DGASNYH,1,2024-2026,rising,77,0.6079063211554375,0.9619207759327159
DGASNYH,1,2024-2026,falling,66,-0.05047106288100923,0.969227128296157
DGASNYH,3,2001-2007,all,366,0.6452215202655284,0.9846845071752274
DGASNYH,3,2001-2007,rising,188,0.6927112801109893,0.9920182667481209
DGASNYH,3,2001-2007,falling,175,0.3613322092381789,0.9863188096806011
DGASNYH,3,2008-2014,all,365,0.5602800965777743,0.9757028414885389
DGASNYH,3,2008-2014,rising,177,0.40032133942062775,0.9848605700486589
DGASNYH,3,2008-2014,falling,187,0.4414291238722541,0.9767810236649667
DGASNYH,3,2015-2019,all,261,0.5656188740831505,0.9344359404868631
DGASNYH,3,2015-2019,rising,135,0.5375780176580404,0.9546367013538625
DGASNYH,3,2015-2019,falling,124,0.2449147698893352,0.9434400222300702
DGASNYH,3,2020-2023,all,208,0.5079614076722802,0.9808195525539763
DGASNYH,3,2020-2023,rising,110,0.5820386991317218,0.9867702573654388
DGASNYH,3,2020-2023,falling,98,0.2890050896854282,0.9838340269358485
DGASNYH,3,2024-2026,all,144,0.537071707188387,0.9577127849678394
DGASNYH,3,2024-2026,rising,77,0.6079063211554375,0.9619207759327159
DGASNYH,3,2024-2026,falling,66,-0.05047106288100923,0.969227128296157
DGASNYH,7,2001-2007,all,366,0.5071544517659268,0.9890571438940955
DGASNYH,7,2001-2007,rising,200,0.2625185176837284,0.9903926255243922
DGASNYH,7,2001-2007,falling,162,0.5344980244955193,0.9917500129364641
DGASNYH,7,2008-2014,all,365,0.6315996861429957,0.9843465984201824
DGASNYH,7,2008-2014,rising,191,0.31564505422177436,0.987097571771958
DGASNYH,7,2008-2014,falling,171,0.4986607711076534,0.984536417299446
DGASNYH,7,2015-2019,all,261,0.5388186857590003,0.9507441743035511
DGASNYH,7,2015-2019,rising,139,0.3783599890370308,0.9621195692682191
DGASNYH,7,2015-2019,falling,120,0.4011323603720774,0.9546702856194311
DGASNYH,7,2020-2023,all,208,0.5938541250299236,0.9858938494711396
DGASNYH,7,2020-2023,rising,109,0.40997541839411494,0.9894975240446949
DGASNYH,7,2020-2023,falling,98,0.3739022133280513,0.984893431239238
DGASNYH,7,2024-2026,all,144,0.6839095185019864,0.9701595098456784
DGASNYH,7,2024-2026,rising,76,0.7400557431234068,0.9684282673444625
DGASNYH,7,2024-2026,falling,67,0.3092076789206406,0.9760845255717785
DGASNYH,8,2001-2007,all,366,0.3579904748278798,0.9883314358295622
DGASNYH,8,2001-2007,rising,188,-0.009560413642906482,0.9911948003315575
DGASNYH,8,2001-2007,falling,175,0.39231076785544444,0.9895175749497215
DGASNYH,8,2008-2014,all,365,0.5179732143890907,0.9828604065226156
DGASNYH,8,2008-2014,rising,178,0.22123573592131457,0.9853630722585467
DGASNYH,8,2008-2014,falling,186,0.4107905489875701,0.9833403408296685
DGASNYH,8,2015-2019,all,261,0.499190585242324,0.9532668022821263
DGASNYH,8,2015-2019,rising,134,0.25748141335208047,0.963854012934799
DGASNYH,8,2015-2019,falling,125,0.3181724773534663,0.951743477698865
DGASNYH,8,2020-2023,all,208,0.5381184117380794,0.9852816281334206
DGASNYH,8,2020-2023,rising,111,0.3541141966629927,0.9881517455659167
DGASNYH,8,2020-2023,falling,97,0.4183974646707397,0.9850407867141273
DGASNYH,8,2024-2026,all,144,0.5107004641909135,0.9640179513817247
DGASNYH,8,2024-2026,rising,77,0.4522978810332577,0.959017362552116
DGASNYH,8,2024-2026,falling,66,0.2238967501784117,0.9738539482743064
DGASNYH,14,2001-2007,all,366,0.10098200810327303,0.9866350127801856
DGASNYH,14,2001-2007,rising,200,-0.14545393557186798,0.9863807225970519
DGASNYH,14,2001-2007,falling,162,0.1351525033930832,0.9894290738501009
DGASNYH,14,2008-2014,all,365,0.39273359630608656,0.9804557837476084
DGASNYH,14,2008-2014,rising,192,0.07671193150004044,0.9793427577677829
DGASNYH,14,2008-2014,falling,170,0.41944500827550724,0.9819103469785493
DGASNYH,14,2015-2019,all,261,0.26532896347266444,0.9477210414769734
DGASNYH,14,2015-2019,rising,138,0.012069285110739686,0.9514922875675883
DGASNYH,14,2015-2019,falling,121,0.1435502921009291,0.9495242939395906
DGASNYH,14,2020-2023,all,208,0.21192658291144936,0.9810872632022245
DGASNYH,14,2020-2023,rising,109,-0.07592915152945687,0.9863577151568458
DGASNYH,14,2020-2023,falling,98,0.19137826146028303,0.9757339454554317
DGASNYH,14,2024-2026,all,144,0.20270356591555447,0.9531111911190125
DGASNYH,14,2024-2026,rising,76,0.16371768349552338,0.9464476393262324
DGASNYH,14,2024-2026,falling,67,0.02519617123019631,0.9635068010077756
DGASNYH,21,2001-2007,all,366,0.1649480417362413,0.982441375554848
DGASNYH,21,2001-2007,rising,199,0.09923143058995679,0.9798639433058235
DGASNYH,21,2001-2007,falling,163,0.05788290295415488,0.9866222932440252
DGASNYH,21,2008-2014,all,365,0.24035002993617038,0.9673997616713422
DGASNYH,21,2008-2014,rising,193,-0.011122844073030304,0.9673280255965223
DGASNYH,21,2008-2014,falling,169,0.31369672250605973,0.9672719878588474
DGASNYH,21,2015-2019,all,261,0.1890605454824959,0.9300611401803919
DGASNYH,21,2015-2019,rising,137,0.1523727807791258,0.9369084716459005
DGASNYH,21,2015-2019,falling,122,0.12373292968147823,0.9248627911620553
DGASNYH,21,2020-2023,all,208,0.21748420628976856,0.9723234182144066
DGASNYH,21,2020-2023,rising,110,0.04949257117577544,0.9806540546559174
DGASNYH,21,2020-2023,falling,97,0.24463638398981444,0.9619481894572804
DGASNYH,21,2024-2026,all,144,0.04760834004434683,0.926943740493032
DGASNYH,21,2024-2026,rising,75,0.14814047238155295,0.9233855070568016
DGASNYH,21,2024-2026,falling,68,-0.1800584196372694,0.9320265735163564
DGASNYH,28,2001-2007,all,366,0.24071047586763977,0.9753790806617882
DGASNYH,28,2001-2007,rising,199,0.1521044119248929,0.9724687024758675
DGASNYH,28,2001-2007,falling,163,0.2748046101127791,0.979039671599512
DGASNYH,28,2008-2014,all,365,0.18850505544632137,0.9487891349443496
DGASNYH,28,2008-2014,rising,193,0.013646186844227866,0.9523780099508148
DGASNYH,28,2008-2014,falling,169,0.3246008180949446,0.9460434922384857
DGASNYH,28,2015-2019,all,261,0.15366395532901825,0.9004521392735999
DGASNYH,28,2015-2019,rising,136,0.23414846283885232,0.9179759685099578
DGASNYH,28,2015-2019,falling,123,0.11052027436102578,0.8806724999418156
DGASNYH,28,2020-2023,all,208,0.22078878956254946,0.9595502109187483
DGASNYH,28,2020-2023,rising,111,0.0023867220431854153,0.966098525309271
DGASNYH,28,2020-2023,falling,96,0.35625282688823,0.9506980884097619
DGASNYH,28,2024-2026,all,144,0.07714180008024454,0.8990176001134953
DGASNYH,28,2024-2026,rising,75,0.03960926445706281,0.9011851901959738
DGASNYH,28,2024-2026,falling,68,-0.07155226918405172,0.8945425814701379
DGASNYH,30,2001-2007,all,366,0.20183547059490387,0.973754611134738
DGASNYH,30,2001-2007,rising,186,0.117637743469124,0.9706114571219013
DGASNYH,30,2001-2007,falling,177,0.25304648565438964,0.9771151930788651
DGASNYH,30,2008-2014,all,365,0.158293412746308,0.941856636427002
DGASNYH,30,2008-2014,rising,181,-0.0683664695071986,0.9493251272276536
DGASNYH,30,2008-2014,falling,183,0.3282240149338729,0.9351284585621595
DGASNYH,30,2015-2019,all,261,0.14246283796428155,0.8938371539539133
DGASNYH,30,2015-2019,rising,132,0.13125293756027717,0.9055712853942842
DGASNYH,30,2015-2019,falling,127,0.10907611819189442,0.8812774936102722
DGASNYH,30,2020-2023,all,208,0.19793598536585408,0.9562324073502811
DGASNYH,30,2020-2023,rising,111,-0.0069239662228065815,0.9597044085703021
DGASNYH,30,2020-2023,falling,97,0.28981522079644645,0.952634876872553
DGASNYH,30,2024-2026,all,144,0.06576067451588777,0.8858668158193005
DGASNYH,30,2024-2026,rising,77,0.08409347659648093,0.8802042819308941
DGASNYH,30,2024-2026,falling,66,0.09045886754849743,0.8971295715599089
DGASNYH,42,2001-2007,all,366,0.019075659209198768,0.9510474200342215
DGASNYH,42,2001-2007,rising,199,-0.1885649405422755,0.9458909311728935
DGASNYH,42,2001-2007,falling,163,0.29400796100993043,0.9567401548385406
DGASNYH,42,2008-2014,all,365,0.12965837535583932,0.9019082667731393
DGASNYH,42,2008-2014,rising,194,0.004472819801613837,0.9109692669691737
DGASNYH,42,2008-2014,falling,169,0.3081729559039006,0.8909080341358272
DGASNYH,42,2015-2019,all,261,0.05291212692630185,0.8050241004589612
DGASNYH,42,2015-2019,rising,135,0.008577562357142068,0.8482989884327592
DGASNYH,42,2015-2019,falling,123,0.05562389939670282,0.7799548596350481
DGASNYH,42,2020-2023,all,208,-0.0023648062414318113,0.9238309107714003
DGASNYH,42,2020-2023,rising,111,-0.11496210231230546,0.9286389427419077
DGASNYH,42,2020-2023,falling,96,0.1582597743754334,0.9167502668638124
DGASNYH,42,2024-2026,all,144,-0.07232467930409545,0.8251937643239844
DGASNYH,42,2024-2026,rising,74,-0.06601978031441368,0.8099565245069155
DGASNYH,42,2024-2026,falling,69,-0.042012732143177224,0.8417652222507853
DGASNYH,60,2001-2007,all,364,0.034953048520482956,0.9245863520186083
DGASNYH,60,2001-2007,rising,199,-0.04193135115023751,0.9180691860071326
DGASNYH,60,2001-2007,falling,163,0.1865550835040488,0.9332223447263845
DGASNYH,60,2008-2014,all,365,0.09695805091488721,0.8226342094921385
DGASNYH,60,2008-2014,rising,194,0.013523712434852913,0.8422931026966141
DGASNYH,60,2008-2014,falling,169,0.08222525841518424,0.7976254114873479
DGASNYH,60,2015-2019,all,261,0.03266746696921124,0.6776431657347775
DGASNYH,60,2015-2019,rising,130,0.10948814584630118,0.6803163666614355
DGASNYH,60,2015-2019,falling,131,0.060169629772264505,0.6593951438989549
DGASNYH,60,2020-2023,all,208,-0.039312299729674455,0.8798361701806875
DGASNYH,60,2020-2023,rising,114,-0.16192611361096806,0.884400317504079
DGASNYH,60,2020-2023,falling,94,-0.029208859690800455,0.8776160936147978
DGASNYH,60,2024-2026,all,144,0.2471301868059604,0.756807949469055
DGASNYH,60,2024-2026,rising,71,0.2497129123784045,0.7000511814472358
DGASNYH,60,2024-2026,falling,73,0.2520342769301657,0.8151618012149426
DGASUSGULF,0,2001-2007,all,366,0.3883400291402377,0.9819665642281306
DGASUSGULF,0,2001-2007,rising,206,0.3383111283807413,0.9903703286133677
DGASUSGULF,0,2001-2007,falling,160,0.13965516140425344,0.985318690091949
DGASUSGULF,0,2008-2014,all,365,0.4503236855847314,0.9592799140458509
DGASUSGULF,0,2008-2014,rising,195,0.31965046760769605,0.9658978028720487
DGASUSGULF,0,2008-2014,falling,169,0.28308116644503545,0.973878425054993
DGASUSGULF,0,2015-2019,all,261,0.36608898166538023,0.9180198411065732
DGASUSGULF,0,2015-2019,rising,137,0.32047439379038517,0.9451235400160055
DGASUSGULF,0,2015-2019,falling,122,0.21681362361030002,0.9355533103487608
DGASUSGULF,0,2020-2023,all,208,0.4408132396234441,0.9718927002869578
DGASUSGULF,0,2020-2023,rising,106,0.5260033301565489,0.9831268854914537
DGASUSGULF,0,2020-2023,falling,101,0.19022016744812084,0.9774727859293603
DGASUSGULF,0,2024-2026,all,144,0.32207416360244057,0.9527371508667777
DGASUSGULF,0,2024-2026,rising,74,0.4113484067344706,0.9600552502330933
DGASUSGULF,0,2024-2026,falling,70,0.1162061500304465,0.9628689175574524
DGASUSGULF,1,2001-2007,all,366,0.5535854450747175,0.9848956768233414
DGASUSGULF,1,2001-2007,rising,201,0.48517706480259987,0.9926702883786241
DGASUSGULF,1,2001-2007,falling,165,0.3283391364083937,0.9874755333112405
DGASUSGULF,1,2008-2014,all,365,0.4976906095506937,0.9604024670267074
DGASUSGULF,1,2008-2014,rising,190,0.3574038072244858,0.9604998090231771
DGASUSGULF,1,2008-2014,falling,174,0.3612405925256899,0.9749079917608827
DGASUSGULF,1,2015-2019,all,261,0.542905852968308,0.9312271895378977
DGASUSGULF,1,2015-2019,rising,131,0.47383498134125507,0.9534001570793256
DGASUSGULF,1,2015-2019,falling,127,0.3388619466175562,0.9471158705241934
DGASUSGULF,1,2020-2023,all,208,0.5265943877556445,0.9751897468969941
DGASUSGULF,1,2020-2023,rising,113,0.5267790302797928,0.9847106789042679
DGASUSGULF,1,2020-2023,falling,95,0.3686512303101722,0.9780903100848308
DGASUSGULF,1,2024-2026,all,144,0.5463320300032927,0.9547584828896671
DGASUSGULF,1,2024-2026,rising,82,0.6597950947775604,0.9638541283698208
DGASUSGULF,1,2024-2026,falling,62,0.11337548733552583,0.9696786686089369
DGASUSGULF,3,2001-2007,all,366,0.5535854450747175,0.9848956768233414
DGASUSGULF,3,2001-2007,rising,201,0.48517706480259987,0.9926702883786241
DGASUSGULF,3,2001-2007,falling,165,0.3283391364083937,0.9874755333112405
DGASUSGULF,3,2008-2014,all,365,0.4976906095506937,0.9604024670267074
DGASUSGULF,3,2008-2014,rising,190,0.3574038072244858,0.9604998090231771
DGASUSGULF,3,2008-2014,falling,174,0.3612405925256899,0.9749079917608827
DGASUSGULF,3,2015-2019,all,261,0.542905852968308,0.9312271895378977
DGASUSGULF,3,2015-2019,rising,131,0.47383498134125507,0.9534001570793256
DGASUSGULF,3,2015-2019,falling,127,0.3388619466175562,0.9471158705241934
DGASUSGULF,3,2020-2023,all,208,0.5265943877556445,0.9751897468969941
DGASUSGULF,3,2020-2023,rising,113,0.5267790302797928,0.9847106789042679
DGASUSGULF,3,2020-2023,falling,95,0.3686512303101722,0.9780903100848308
DGASUSGULF,3,2024-2026,all,144,0.5463320300032927,0.9547584828896671
DGASUSGULF,3,2024-2026,rising,82,0.6597950947775604,0.9638541283698208
DGASUSGULF,3,2024-2026,falling,62,0.11337548733552583,0.9696786686089369
DGASUSGULF,7,2001-2007,all,366,0.5779948590931195,0.9899109323237378
DGASUSGULF,7,2001-2007,rising,205,0.37578601192604805,0.9928361105443524
DGASUSGULF,7,2001-2007,falling,161,0.4856822379669386,0.9912872397994432
DGASUSGULF,7,2008-2014,all,365,0.452803334889955,0.9726993780435753
DGASUSGULF,7,2008-2014,rising,196,-0.010451122568246188,0.9665737042915381
DGASUSGULF,7,2008-2014,falling,168,0.3614049890887078,0.9864471372029089
DGASUSGULF,7,2015-2019,all,261,0.5727290028592693,0.9501406201955802
DGASUSGULF,7,2015-2019,rising,136,0.37239479037536355,0.9629378822596791
DGASUSGULF,7,2015-2019,falling,123,0.4512976772640628,0.9581658293976651
DGASUSGULF,7,2020-2023,all,208,0.5513102992096633,0.9823712376277479
DGASUSGULF,7,2020-2023,rising,106,0.489004627932705,0.9895591618198645
DGASUSGULF,7,2020-2023,falling,101,0.3814483999883,0.9831548970179742
DGASUSGULF,7,2024-2026,all,144,0.6416452610157349,0.9669822927748235
DGASUSGULF,7,2024-2026,rising,75,0.7337746378792122,0.9641187429044273
DGASUSGULF,7,2024-2026,falling,69,0.2666070099416101,0.9766186503586669
DGASUSGULF,8,2001-2007,all,366,0.43561441791750155,0.9896503434429225
DGASUSGULF,8,2001-2007,rising,200,0.19118979725497595,0.9920545308212443
DGASUSGULF,8,2001-2007,falling,166,0.35734492308041743,0.9917725022842597
DGASUSGULF,8,2008-2014,all,365,0.33053510915634104,0.9695771330940478
DGASUSGULF,8,2008-2014,rising,191,-0.04392437089852509,0.9588294662130449
DGASUSGULF,8,2008-2014,falling,173,0.3398189584824659,0.9868300154497962
DGASUSGULF,8,2015-2019,all,261,0.5001893127180509,0.9547998735449418
DGASUSGULF,8,2015-2019,rising,130,0.24998111107591886,0.9668786162164913
DGASUSGULF,8,2015-2019,falling,128,0.39224324280545453,0.9599883607292973
DGASUSGULF,8,2020-2023,all,208,0.47601360296647593,0.9826886093220542
DGASUSGULF,8,2020-2023,rising,113,0.3356471425936551,0.9884186561004168
DGASUSGULF,8,2020-2023,falling,95,0.3241882774056908,0.9821279967502868
DGASUSGULF,8,2024-2026,all,144,0.5164349142609348,0.9608742375333299
DGASUSGULF,8,2024-2026,rising,83,0.5467240898438273,0.9593048202862064
DGASUSGULF,8,2024-2026,falling,61,0.200656142121251,0.9777610553166655
DGASUSGULF,14,2001-2007,all,366,0.18110869172168648,0.9885616201731633
DGASUSGULF,14,2001-2007,rising,205,-0.07995942077303428,0.9897572235189964
DGASUSGULF,14,2001-2007,falling,161,0.1828116423182889,0.989694684626304
DGASUSGULF,14,2008-2014,all,365,0.31515913219328884,0.9708786324095207
DGASUSGULF,14,2008-2014,rising,197,-0.09307171870842185,0.9580942040189327
DGASUSGULF,14,2008-2014,falling,167,0.36072642377683534,0.9867271049689037
DGASUSGULF,14,2015-2019,all,261,0.2652274745586378,0.9513325432320177
DGASUSGULF,14,2015-2019,rising,135,0.18002156219784046,0.9614302185005595
DGASUSGULF,14,2015-2019,falling,124,0.2627935222930794,0.9538133204678402
DGASUSGULF,14,2020-2023,all,208,0.19594682136002975,0.9814454292945275
DGASUSGULF,14,2020-2023,rising,106,-0.06704152114826553,0.9895495928800452
DGASUSGULF,14,2020-2023,falling,101,0.2624897533492213,0.978848121840104
DGASUSGULF,14,2024-2026,all,144,0.11143399852598979,0.951817915184994
DGASUSGULF,14,2024-2026,rising,75,0.31111801661723426,0.951008264541706
DGASUSGULF,14,2024-2026,falling,69,-0.06923287506426042,0.9563071104231641
DGASUSGULF,21,2001-2007,all,366,0.22702324059149792,0.9842774101832827
DGASUSGULF,21,2001-2007,rising,204,0.0064795737385150405,0.9833287616660136
DGASUSGULF,21,2001-2007,falling,162,0.1943239348660196,0.9862746504883282
DGASUSGULF,21,2008-2014,all,365,0.2755579698386796,0.9583008251346361
DGASUSGULF,21,2008-2014,rising,198,-0.18590462753136316,0.9428639755069302
DGASUSGULF,21,2008-2014,falling,166,0.4723637088593388,0.9750389919757501
DGASUSGULF,21,2015-2019,all,261,0.14566358945007626,0.9386375627600737
DGASUSGULF,21,2015-2019,rising,135,0.13968042175836193,0.9470455181206395
DGASUSGULF,21,2015-2019,falling,124,0.07530466953078592,0.9375518697611238
DGASUSGULF,21,2020-2023,all,208,0.24748461647258707,0.9767178372203132
DGASUSGULF,21,2020-2023,rising,106,0.040502939695513496,0.9845477998183884
DGASUSGULF,21,2020-2023,falling,101,0.2632986566308142,0.9713143632703941
DGASUSGULF,21,2024-2026,all,144,0.08587866052590752,0.9299998909266614
DGASUSGULF,21,2024-2026,rising,74,0.38786361379229883,0.939464945419979
DGASUSGULF,21,2024-2026,falling,70,-0.16881335571170905,0.9182708397476983
DGASUSGULF,28,2001-2007,all,366,0.2406964673319954,0.9763579727934825
DGASUSGULF,28,2001-2007,rising,204,0.023556384856122756,0.9743419318629465
DGASUSGULF,28,2001-2007,falling,162,0.3323824103880449,0.9789964470378285
DGASUSGULF,28,2008-2014,all,365,0.10826471782621389,0.9362137655005879
DGASUSGULF,28,2008-2014,rising,198,-0.33159814814957955,0.9180747873668874
DGASUSGULF,28,2008-2014,falling,166,0.39906258461303235,0.954654847307584
DGASUSGULF,28,2015-2019,all,261,0.18836745925896428,0.917198495903607
DGASUSGULF,28,2015-2019,rising,134,0.27985443324286075,0.9297097090881576
DGASUSGULF,28,2015-2019,falling,125,0.10303572956158014,0.9082042224245407
DGASUSGULF,28,2020-2023,all,208,0.27020664509769116,0.9667783824708973
DGASUSGULF,28,2020-2023,rising,107,-0.0024903474072838156,0.9729853269687481
DGASUSGULF,28,2020-2023,falling,100,0.30139303114557964,0.9608072689790859
DGASUSGULF,28,2024-2026,all,144,0.0745193417536487,0.9041363273876862
DGASUSGULF,28,2024-2026,rising,74,0.06662378341672348,0.9286484890050173
DGASUSGULF,28,2024-2026,falling,70,-0.018056348178412885,0.8603914335381362
DGASUSGULF,30,2001-2007,all,366,0.20518368716785573,0.9745059316826281
DGASUSGULF,30,2001-2007,rising,198,0.04349412630146759,0.9720902818034804
DGASUSGULF,30,2001-2007,falling,168,0.38318250615678767,0.978459159604452
DGASUSGULF,30,2008-2014,all,365,0.08025744481058955,0.92855236013554
DGASUSGULF,30,2008-2014,rising,194,-0.3170348962237107,0.9020510443710553
DGASUSGULF,30,2008-2014,falling,170,0.38379573638524334,0.9568560456122266
DGASUSGULF,30,2015-2019,all,261,0.15719580533603364,0.9123409356922118
DGASUSGULF,30,2015-2019,rising,129,0.17308916365623117,0.9145236027730385
DGASUSGULF,30,2015-2019,falling,130,0.051312737579909076,0.9115585578399978
DGASUSGULF,30,2020-2023,all,208,0.2398902600650444,0.9635254838907078
DGASUSGULF,30,2020-2023,rising,113,0.0048351952429775726,0.966230166623963
DGASUSGULF,30,2020-2023,falling,94,0.3484733617124688,0.9606295972171167
DGASUSGULF,30,2024-2026,all,144,0.060257365321847445,0.8912217974272253
DGASUSGULF,30,2024-2026,rising,82,0.061704650250333275,0.9212172999672189
DGASUSGULF,30,2024-2026,falling,62,-0.03954150438264557,0.8412383972548779
DGASUSGULF,42,2001-2007,all,366,0.01548307588773027,0.9512060804115876
DGASUSGULF,42,2001-2007,rising,204,-0.22027212505557875,0.9475444732642987
DGASUSGULF,42,2001-2007,falling,162,0.24977968078837817,0.9554770754768674
DGASUSGULF,42,2008-2014,all,365,0.09989063936762752,0.881069648562255
DGASUSGULF,42,2008-2014,rising,199,-0.27248004267010034,0.8586867648304537
DGASUSGULF,42,2008-2014,falling,165,0.41164478320748343,0.9013390780508929
DGASUSGULF,42,2015-2019,all,261,0.07645005660973146,0.8407384507222277
DGASUSGULF,42,2015-2019,rising,133,0.08107839698858643,0.8605705371829495
DGASUSGULF,42,2015-2019,falling,126,0.06616322041331975,0.8199259644383919
DGASUSGULF,42,2020-2023,all,208,0.05850418738722926,0.9332039101760762
DGASUSGULF,42,2020-2023,rising,107,-0.062165981510474984,0.9419464939818146
DGASUSGULF,42,2020-2023,falling,100,0.17648113348919553,0.9237902942156451
DGASUSGULF,42,2024-2026,all,144,-0.0729050161890272,0.8382995838549991
DGASUSGULF,42,2024-2026,rising,73,0.005746855986462138,0.8739499472206124
DGASUSGULF,42,2024-2026,falling,71,-0.15045427957940674,0.7904898938646514
DGASUSGULF,60,2001-2007,all,366,0.06703552309076535,0.9192384610166314
DGASUSGULF,60,2001-2007,rising,197,-0.09801246792237525,0.9087030007568982
DGASUSGULF,60,2001-2007,falling,168,0.18284589493622805,0.9320076806254828
DGASUSGULF,60,2008-2014,all,365,0.06605351532099642,0.8111026470160708
DGASUSGULF,60,2008-2014,rising,193,-0.1420858933766283,0.7971667175628017
DGASUSGULF,60,2008-2014,falling,170,0.19135093369897857,0.8241396763362286
DGASUSGULF,60,2015-2019,all,261,0.003540634833413832,0.7179238336747609
DGASUSGULF,60,2015-2019,rising,130,0.05033307583206893,0.701272963724408
DGASUSGULF,60,2015-2019,falling,129,0.014366440243147581,0.7243091412634305
DGASUSGULF,60,2020-2023,all,208,-0.046762771385650805,0.88471138475364
DGASUSGULF,60,2020-2023,rising,108,-0.1090267302099755,0.8900859568370223
DGASUSGULF,60,2020-2023,falling,99,-0.1390605814033681,0.8793094484465533
DGASUSGULF,60,2024-2026,all,144,0.2529027723652945,0.7595425498165819
DGASUSGULF,60,2024-2026,rising,79,0.26986791686036304,0.7098648749362506
DGASUSGULF,60,2024-2026,falling,64,0.21759003320240317,0.8193786291179748
