regular_gas_cash,regular_gas_credit,midgrade_gas_cash,midgrade_gas_credit,premium_gas_cash,premium_gas_credit,diesel_cash,diesel_credit,e85_cash,e85_credit,e15_cash,e15_credit,unl88_cash,unl88_credit
-0.0004312815405230121,-0.0007859044144573434,-0.0001569483194211939,-0.0008033660324004164,5.8566574920660356e-05,-0.0007225939912849935,-0.00014055103793342668,-0.0008824767156392518,-0.0011111109345047561,-0.0004816898157898809,,0.00015605245145349652,,
-8.580772989096936e-05,-0.0005567593581677676,4.856772436496819e-05,-0.000517265626782854,-6.44007487870132e-05,-0.00045482520365841013,-0.000244276222465516,-0.0005775760746940544,0.0007522941729344359,-0.0003181307299717053,,-0.0005185495540625329,,
-7.774973163884565e-05,-0.00016418718817976186,-3.9424727032371435e-06,-0.0001572467913740055,-3.0517578125e-05,-0.00016806444310584845,-0.00018524554633907184,-0.00010636073585544098,-0.0003649631555933152,-0.000361648500216318,,-0.00045245064318704466,,
3.386868101741566e-05,-0.00033763957317820166,3.847311948829117e-05,-0.0001359727923588754,-2.1696325825046035e-05,-0.0003125353963897772,-0.0004956328712696591,-0.0005103505811464465,-9.074401509307474e-05,-8.152923390943749e-05,,-0.00022306406136715051,,
-0.002902282648483156,-0.0019856908490499003,-0.0015608495626541787,-0.0026186503404403965,-0.0011797582380951778,-0.0024619991313296744,-0.0007957060709628662,-0.002276751699587122,-0.000728597623620094,-0.00038818555206856814,,-0.00013877204529270592,,
0.00015238762870708482,-0.00012100027289255603,0.0001839285017853819,-0.0001014107270632405,0.00016809238698950539,-8.999155014762921e-05,-0.00017265850905446637,-0.0001171371219475793,-0.00021897811089118902,-0.00016024758181010267,,-0.00023128667531442602,,
1.555528851012069e-05,-6.189003031617148e-05,8.153238558816066e-05,-5.188132852076013e-05,9.418233248151976e-05,-4.303423194069341e-05,-0.00012649938610413862,-9.637292472240126e-05,-9.140759107181751e-05,0.0,,0.00016799668012071887,,
-0.00025947696977841287,-5.974471226778223e-05,-0.00030529107033615434,-6.031361444641881e-05,-0.0004045054447872748,-0.00011296171435212329,0.00012426431438411947,-3.478140720039578e-05,-0.00036563036428727003,-0.00016029244466895327,,-6.722692681961701e-05,,
0.00021130485756335534,8.610413238408155e-05,0.0,3.971402090252913e-05,0.0,1.8695065364099526e-05,-6.928454921096907e-05,-5.2599585685753133e-05,,0.0,,,,
,,,,,,,,,,,,,
,,,,,,,,,,,,,
,,,,,,,,,,,,,
,,,,,,,,,,,,,
,,,,,,,,,,,,,
,,,,,,,,,,,,,
-0.00010886020254745153,-0.00033078835795153516,-7.475082528419537e-05,-0.000281227739215869,-8.255364675737045e-05,-0.00038682234187055833,-1.2418639767210663e-05,-0.0003190873793821721,0.0,-0.002297154216545274,,-0.004384859628607171,,
,,,,,,,,,,,,,
,,,,,,,,,,,,,
-0.00028645134541834953,-0.0003006571476186213,-5.205779866682337e-05,-0.00026585109513366576,3.589425477400555e-05,-0.00016176021166822036,-3.184352785535423e-05,-0.00023579528506847391,-0.00011029445073183845,-0.0005293956006194397,,-0.0007107235051549086,,
-3.345151991872824e-05,-0.0006983987607612598,5.8116290022577233e-05,-0.00038354204784452794,9.816315538137761e-05,-0.0005818516347608622,-0.0005113512560058486,-0.0005708096276336694,0.0011090571250139895,-0.0006538138239035295,,-0.0011559481779132986,,
-0.0009487113333418365,-0.0007694467064482879,-0.0008385757081770213,-0.0005880914485312849,-0.0008674157777251281,-0.0004941523614303183,-0.0006307799718496507,-0.000589833115086411,-0.0006343286428878557,-0.0005090906236555193,,-0.00039882493759783047,,
-0.0006110691237732524,-0.001488535712404688,-0.00044821803126569116,-0.0006166751380174514,-0.0004234397514623246,-0.0006036914032603129,-0.0005790521023651474,-0.0009603528749375116,-0.0002631580919251406,-0.00197029087040991,,-0.0013659358225624639,,
-0.0004783507802642088,-0.0008725707374241151,-0.00013339948277228434,-0.0009374506777437145,-6.89857625979836e-05,-0.0009599454624772889,-0.0003494181767874669,-0.0009448818790122855,-0.00029962585213479033,-0.0013011979937188039,,-0.0021867108405187814,,
-0.0001821934459708572,-0.0009850176232480635,-0.00010380615294716232,-0.0008776326167306506,-0.00019737479173273617,-0.0008441432801961352,-4.554552333775003e-05,-0.0009209388143715252,0.00011257024911733774,-0.0013604686557332686,,-0.001898362625551444,,
-0.00023711613265045903,-0.0006968385258447253,-0.00016191133048529922,-0.0007365028196451785,-0.00017940285966043052,-0.0006196348825823269,-0.0009656007832334232,-0.0007813350877336839,7.462679450191669e-05,-0.00143376191012882,,-0.0014951697721645543,,
-0.00043618215400530717,-0.0004095624674600758,-0.00027923040573504034,-0.00028377359530263913,-0.00019368551831685965,-0.0003021401791649686,-0.00024209601305080888,-0.0003289427397544513,0.0002979512987190119,-0.0005719865938382489,,-0.000766331326821741,,
-0.00021433467344212452,-0.0002796066183043828,-0.000155420160753249,-0.0002528815680852604,-0.00015730568856904,-0.00026492412792038255,8.15429897676158e-05,-7.923390776526316e-05,0.0001313319573035607,-0.0004149262734489898,,-0.000646641615484474,,
-8.177169136944175e-05,-0.00038137589334584157,-6.884350540317202e-05,-0.00021959571656968028,-5.587115819233023e-05,-0.00030446479032200446,0.00012559187862727826,-0.00038378365388016075,0.0,-5.581889310895881e-05,,-0.00017729002798393638,,
-0.0026768749512686703,-0.0020320849437555836,-0.00150821347803901,-0.0027737876759516282,-0.0015269926104994457,-0.002642929941159752,-0.0009356528816380548,-0.0019766071511383492,-0.0003780719237877426,-0.00028835365513270805,,0.0002660473456253877,,
0.0001644806235406819,-9.349041176296905e-05,0.00020598336257672648,-9.924518872788311e-05,0.00018209741105058996,-9.15948781879049e-05,-4.196130134191614e-05,-8.135056018271623e-05,0.0007532953991503814,7.558796734185128e-05,,-7.17304929902282e-05,,
3.117158531359058e-05,-6.086426645286725e-05,5.2785943330557816e-05,-5.457578402158066e-05,6.492269478477957e-05,-4.006710900437547e-05,-9.68097460151899e-05,-2.5109435402444252e-05,0.0,-6.998873504519062e-05,,-0.00012231144609455317,,
-2.7098570741553044e-06,-1.2821068150925975e-05,3.6111595619941816e-05,-1.4555559602855417e-05,5.431168416728855e-05,-9.096608031266147e-06,4.065932808341561e-05,-2.9286649318413375e-05,0.0,-2.800346722759075e-05,,-0.00010122311663295789,,
-2.7086371848539307e-06,-6.255705167366942e-05,-3.7058766459730465e-05,-8.575741279538473e-05,-2.2850637718301655e-05,-5.4871466288666685e-05,-3.9543125038616265e-05,-8.156860783728639e-05,0.0,-9.521153486599544e-05,,-2.5295085488845286e-05,,
-1.0832726511506512e-05,-3.89937618203325e-05,9.757109951049435e-06,-2.9456061259992112e-05,9.523709615071614e-06,-4.466207892265014e-05,-8.567670108144858e-05,-3.3296116325581106e-05,0.0,-2.8003400462376773e-05,,-5.90468599342787e-05,,
-2.097276992544932e-05,-6.255903299225663e-05,1.3646680670345093e-05,-6.929286629941447e-05,-1.9024500869087677e-06,-5.85252900904384e-05,5.2324937803481294e-11,-6.676193993222246e-05,0.0,-0.00013437863827285682,,-6.313145361364089e-05,,
-0.00020921839024117572,-0.0001556874124434928,-0.00016617688716549477,-7.713349335264791e-05,-0.0001478702967805174,-0.00010485868696039806,-0.00016955606517770027,-0.00014994678203900214,0.0,-8.547000395946014e-05,,-9.776549188340399e-05,,
,,,,,,,,,,,,,
,,,,,,,,,,,,,
,,,,,,,,,,,,,
-0.0002081920475547808,-0.0002671639602928691,-0.00016813299173483752,-0.0001773036900235709,-0.00015415361712781809,-0.00022662980557745498,-7.161751566820073e-05,-0.00018905173217331935,0.0,-0.0006808035873941012,,-0.0005168069310548927,,
-0.0004674812180999358,-0.0006137985136552716,-0.000596221907314284,-0.0003565935495723026,-0.0005649178021714771,-0.0004033626772696907,-0.0010322303995894415,-0.0007263995490525147,-0.0005400371729106654,0.003219867923430034,,-0.0021236327839459163,,
-0.0015978605850883152,-0.0013666438590435239,-0.0017826604094081475,-0.0015920042463248578,-0.001280611891354657,-0.001539735829500572,-0.0017696533340021167,-0.0014067002592614488,-0.00037523461103886643,-0.0013790209310038106,,-0.002249265487485206,,
-0.0004100601421541826,-0.0011840706105263749,-0.00039764342497655675,-0.0014493816063637789,-0.0002679428301359478,-0.0013606543299648753,-0.00021395137056572176,-0.0012427821324147244,-0.00028089860851845044,-0.0005132494278698951,,-0.0007178841469970499,,
-5.072061437201852e-05,-0.0005297800876930785,6.306417589504845e-05,-0.0004169563985944629,-6.628116948772954e-05,-0.0003423451602624779,-0.00017058175948908932,-0.00043770971981388015,-0.00020833313465118408,-0.0008930296060014989,,-0.000948833459891079,,
-0.00149487142635211,-0.0008894588849076496,-0.001810983287881118,-0.00072239331845556,-0.0017074332608991623,-0.0005958735959306998,-0.00011341326779526043,-0.0005901435765418482,0.0009473685214394017,-0.0005659163189854269,,-0.0010168644643965222,,
-0.00038577093056409585,-0.000870920224758334,-0.00019103300269351833,-0.0008365491439518521,-9.308547053293616e-05,-0.0008616884233334631,-0.0003319639496259582,-0.0004942134970414264,-0.00018939421032414293,-0.007670203489916665,,-0.01237410304408128,,
-0.00033312871176371825,-0.0008393126266688929,-0.00016466915915261626,-0.0008283002124879662,-0.0003551759384749395,-0.0008146301987637827,-0.0005875823895798569,-0.0008183170602843719,-0.0001320757955875037,-0.0017123670636707,,-0.002531698570348203,,
-0.0003213948033314772,-0.0007717508771245531,-0.0002045589605316929,-0.0005626370904920027,-0.0002276392009264376,-0.0005755958652197724,-0.00035291499355116546,-0.0006314039209467568,0.001207547367743726,-0.0010095080006575958,,-0.0017565290970067166,,
-0.00033093257000926525,-0.0006407227745445016,-0.00024863501048869166,-0.0006504262615872275,-0.00014009862991500559,-0.0005320419735818212,-0.00015367620751764182,-0.0006044099428487651,-0.0005263157356950574,-0.0006316379837112896,,-0.0008154693096813509,,
-0.0002170227389692977,-0.0003894079847747211,-0.00022349632373647085,-0.0006654505806704745,-0.00017278825422936578,-0.0005492039698704033,1.2113165584984703e-05,-0.000419802687776606,0.0,-0.00048616959016794067,,-0.0002690201398954516,,
-0.00020513165885662388,-0.00025153595396903994,-6.686704243577627e-05,-0.0001452161116271229,2.164502344000436e-05,-0.00017637715185988724,-9.117872390487253e-05,-0.0001314322148185946,0.0,-0.0005521477099842554,,-0.0005968898822901478,,
-0.0001730781710177678,-0.0003070237159177139,-4.8393525682213785e-05,-0.0002277053614927047,-8.819684411419513e-05,-0.00025299788807167726,-0.00021481796191063747,-0.0002516260545713196,9.380854093111478e-05,-0.00020094919963286237,,-0.0002969881210683208,,
9.403338759407722e-05,-0.000753230823662754,-2.7115714889428837e-05,-0.0012625989094328903,-3.939905041377943e-05,-0.0011048067492127696,1.3157777618943598e-05,-0.0009468937685416158,0.0001872657390123003,-8.073508872221201e-05,,-0.0002365864728340178,,
-0.0007818007100588719,-0.0006532618430543102,-0.000753022896048151,-0.0008967141921910115,-0.0007544662953099333,-0.0008753550449420563,-0.0005119412623375509,-0.0009165724863327222,0.0,-0.000103035334324445,,-8.868214649123115e-05,,
-0.00015866581782427995,-0.0003493193427246316,-0.00010591145083322567,-0.00044137905835859,-0.00013359503539332003,-0.0004280998102588876,-4.3625217420686384e-05,-0.0005903303166542207,-3.759439726521198e-05,-0.005721435037824489,,-0.008662446742319356,,
2.6996475068343555e-06,-4.971448953263037e-05,7.697481353416212e-06,-7.060814649444049e-05,-5.042003093758662e-05,-3.332959697433612e-05,6.539503300222454e-06,-5.821428818328659e-05,0.0,-1.1114121543330993e-05,,-2.53161297568792e-05,,
2.0244100797079026e-06,-1.2261275615957049e-05,1.826747978275733e-05,4.6490165573433555e-06,-4.663806321427244e-06,-3.332645348235928e-05,5.884270295476399e-05,-2.4152101991837443e-05,0.00018761708186222956,-2.779252930705318e-06,,5.063296370365449e-05,,
-4.519999996335338e-05,-5.851759334552157e-05,-6.245787851379986e-05,-0.0001474337786425815,-6.993015885075211e-05,-9.621772870982198e-05,-4.031378138582284e-05,-4.8515046597223596e-05,0.0,-0.00016124565998381762,,-0.0001729226524645847,,
-5.0597061216931735e-05,-3.3554495261858764e-05,-4.9951967428099296e-05,-2.4111302439652057e-06,-4.849384538742474e-05,-3.9656852772915686e-05,-3.5963426388754675e-05,-6.017392199972401e-05,0.0,-9.460209075384294e-05,,-0.00010122311663295789,,
-8.10646522788432e-05,-7.641303020974864e-05,-6.441046838186448e-05,-0.00011627506373596087,-6.160728962361552e-05,-9.957479660732858e-05,-2.9472710849181908e-05,-8.701408474922744e-05,0.0,-0.0001502503404102527,,-0.0001433994738877649,,
-8.13284472908581e-05,-0.00014732804962256637,-0.000124301701801364,-0.00011593798361005244,-0.00011034263324041957,-0.00014417760789411357,-6.56599757394271e-05,-0.00012082214092097215,0.0,-0.00012246042183107099,,-0.0001390055637954159,,
-0.00024909836191369363,-0.0003214931482817503,-0.0002606684325122999,-0.0003051945143739355,-0.00023628723101609198,-0.00024823544187846044,-0.0003114377789518815,-0.0002131083824487965,0.0,-0.0008024520347894949,,-0.0011973018187897604,,
-0.0003417695769753623,-0.0004826957871241198,-0.0002389244286966499,-0.0004794246948210462,-0.00023849773854716844,-0.0004077775092316655,-0.00019230758750831689,-0.0003784836422655469,-0.0005461392878588086,-0.002387060908984021,,-0.0034219403810138945,,
-0.0003907105310367105,-0.0007009290360646952,-0.0004510257856078818,-0.0008374240093089936,-0.0003646961201042909,-0.0007227593785850049,-0.0004679587044345206,-0.0008986155549414351,-7.476628383743429e-05,-0.0008667781865982175,,-0.0010194584802927704,,
-0.00039296232797922094,-0.0012550499720042265,-0.00035582706173284124,-0.0011842859799823938,-0.0002589451166645057,-0.0012603288705872542,-0.0009143106086515285,-0.0011691233125582028,-0.0008474581659176929,-0.00254535302415827,,-0.004765129977245226,,
-0.0004802743116741933,-0.0006731647260585961,-0.00043385205101874086,-0.0005058556619315216,-0.0001236782873505192,-0.0005099338266653883,-0.0004426248703855612,-0.0005356858850484802,-1.872612742449014e-05,-0.0012437254772196917,,-0.0008802373581804363,,
-0.0005369034167053034,-0.0006646308458212013,-0.00021013699566903936,-0.0007486788279901162,-0.00028263534306465697,-0.0007016617484502649,-0.00021535050862405526,-0.0005228608085684695,-0.0003752341637244591,-0.0006731842483222152,,-0.0010885215825521557,,
-0.0004269463712708992,-0.0005482415875009139,-0.00026182564914934315,-0.0005007770128891723,-0.00017110950713753587,-0.0004598969525650473,-0.00019668505336698248,-0.00038558055326950845,0.0017202274560477648,-0.00035664536355763435,,-0.0008936893732958757,,
