,regular_gas_cash,regular_gas_credit,midgrade_gas_cash,midgrade_gas_credit,premium_gas_cash,premium_gas_credit,diesel_cash,diesel_credit,e85_cash,e85_credit,e15_cash,e15_credit,unl88_cash,unl88_credit
regular_gas_cash,-0.04485488370639946,-0.05811961197972146,-0.11825137291943089,-0.05309984204044637,-0.10186102162051548,-0.05004904335230109,-0.1413650955627591,-0.07919357860235923,-0.2281965311737656,-0.04081540010239008,,-0.08668859142597271,,
regular_gas_credit,-0.06521418088122921,-0.08623803607425706,-0.1771885438984898,-0.03709247202132032,-0.12809314664173263,-0.03749511229909224,-0.295207939553773,-0.06584714777800774,-0.2559897826260821,-0.12401589944410582,,-0.20905067003396374,,
midgrade_gas_cash,-0.06916920138383488,-0.03545383215863341,-0.1315350124193211,-0.07473013979362517,-0.12707006267025464,-0.06549389449179571,-0.12618720520007354,-0.08169656676092751,-0.29518374285072696,0.0022507689389356118,,-0.03235093793122379,,
midgrade_gas_credit,-0.07159864239547421,-0.1155454297555556,-0.17023316709121028,-0.05493385112744502,-0.12953708495604827,-0.06734218400165191,-0.25704004981110046,-0.09368230154157119,-0.21296243872223153,-0.12801907426101658,,-0.20167531131591324,,
premium_gas_cash,-0.09980492995537284,-0.06585883036626156,-0.144445251603398,-0.08303226014359079,-0.14013808331404637,-0.07696131036377998,-0.16928513457995245,-0.10809392942332417,-0.2544393348278419,-0.027941868211116917,,-0.06211266849376284,,
premium_gas_credit,-0.040364378189271556,-0.07747402534991496,-0.14668762030624105,-0.02881864501093963,-0.10280315369931536,-0.038114988109615715,-0.23839211630612078,-0.06529713200836192,-0.20596170492961352,-0.1226843900934784,,-0.1992723471351992,,
diesel_cash,-0.0004220051782737119,0.06799833859256381,-0.05639248134930801,0.07413072751307906,0.007338995091376258,0.08135955609584403,-0.07402420809427192,0.06542407929756822,-0.3928093985418541,-0.054207281707881534,,-0.08300182072300535,,
diesel_credit,-0.03509713920232449,-0.0630803634951567,-0.147136774048468,-0.002031645566202628,-0.08855448330211406,-0.007824239404706035,-0.2501482714005888,-0.0374507182572655,-0.20789283279098603,-0.12361451049276452,,-0.20891304436010616,,
e85_cash,-0.053920520456809444,0.09509975539718625,-0.10851000214886972,0.10778866972588418,-0.08953755791345544,0.09366966022183829,0.009982668903167942,0.09171721750990124,-0.012318943432416659,0.12209871862001767,,0.1401785286638574,,
e85_credit,-0.03519624278916134,-0.025237351515461644,-0.07055495563450916,-0.05743613905494139,-0.0755725803920549,-0.04998418805601224,-0.13255188673756504,-0.0576688937146981,-0.14867572822101535,-0.09008767307325966,,-0.13479478583076926,,
e15_cash,,,,,,,,,,,,,,
e15_credit,0.015492677499432415,0.08747783450962805,-0.04266457362970231,0.025377249334075123,0.005533854817108032,0.03580848233489056,-0.027852736007121535,0.048960402824045776,-0.1331603351330027,-0.04953679127171083,,-0.1096539357693027,,
unl88_cash,,,,,,,,,,,,,,
unl88_credit,,,,,,,,,,,,,,
