series,lag_days,gas_date,gas_mean_hourly_move,observed_hours,oil_target_date,oil_actual_source_date,oil_level,oil_daily_change
DCOILWTICO,0,2026-09-30,-0.0007859044250854599,1,2026-09-30,2026-09-29,96.16,0.0
DCOILWTICO,0,2026-10-01,-0.0005839413895759641,16,2026-10-01,2026-09-29,96.16,0.0
DCOILWTICO,0,2026-10-02,-0.0005506164497153846,21,2026-10-02,2026-09-29,96.16,0.0
DCOILWTICO,0,2026-10-03,-0.0004067249343343603,19,2026-10-03,2026-09-29,96.16,0.0
DCOILWTICO,1,2026-09-30,-0.0007859044250854599,1,2026-09-29,2026-09-29,96.16,-3.210000000000008
DCOILWTICO,1,2026-10-01,-0.0005839413895759641,16,2026-09-30,2026-09-29,96.16,0.0
DCOILWTICO,1,2026-10-02,-0.0005506164497153846,21,2026-10-01,2026-09-29,96.16,0.0
DCOILWTICO,1,2026-10-03,-0.0004067249343343603,19,2026-10-02,2026-09-29,96.16,0.0
DCOILWTICO,3,2026-09-30,-0.0007859044250854599,1,2026-09-27,2026-09-25,85.23,0.0
DCOILWTICO,3,2026-10-01,-0.0005839413895759641,16,2026-09-28,2026-09-28,99.37,14.14
DCOILWTICO,3,2026-10-02,-0.0005506164497153846,21,2026-09-29,2026-09-29,96.16,-3.210000000000008
DCOILWTICO,3,2026-10-03,-0.0004067249343343603,19,2026-09-30,2026-09-29,96.16,0.0
DCOILWTICO,7,2026-09-30,-0.0007859044250854599,1,2026-09-23,2026-09-23,93.38,-3.030000000000001
DCOILWTICO,7,2026-10-01,-0.0005839413895759641,16,2026-09-24,2026-09-24,95.88,2.5
DCOILWTICO,7,2026-10-02,-0.0005506164497153846,21,2026-09-25,2026-09-25,85.23,-10.649999999999991
DCOILWTICO,7,2026-10-03,-0.0004067249343343603,19,2026-09-26,2026-09-25,85.23,0.0
DCOILWTICO,8,2026-09-30,-0.0007859044250854599,1,2026-09-22,2026-09-22,96.41,-0.5600000000000023
DCOILWTICO,8,2026-10-01,-0.0005839413895759641,16,2026-09-23,2026-09-23,93.38,-3.030000000000001
DCOILWTICO,8,2026-10-02,-0.0005506164497153846,21,2026-09-24,2026-09-24,95.88,2.5
DCOILWTICO,8,2026-10-03,-0.0004067249343343603,19,2026-09-25,2026-09-25,85.23,-10.649999999999991
DCOILWTICO,14,2026-09-30,-0.0007859044250854599,1,2026-09-16,2026-09-16,103.62,-3.3999999999999915
DCOILWTICO,14,2026-10-01,-0.0005839413895759641,16,2026-09-17,2026-09-17,103.21,-0.4100000000000108
DCOILWTICO,14,2026-10-02,-0.0005506164497153846,21,2026-09-18,2026-09-18,101.44,-1.769999999999996
DCOILWTICO,14,2026-10-03,-0.0004067249343343603,19,2026-09-19,2026-09-18,101.44,0.0
DCOILWTICO,21,2026-09-30,-0.0007859044250854599,1,2026-09-09,2026-09-09,97.26,3.0500000000000114
DCOILWTICO,21,2026-10-01,-0.0005839413895759641,16,2026-09-10,2026-09-10,103.57,6.309999999999988
DCOILWTICO,21,2026-10-02,-0.0005506164497153846,21,2026-09-11,2026-09-11,101.27,-2.299999999999997
DCOILWTICO,21,2026-10-03,-0.0004067249343343603,19,2026-09-12,2026-09-11,101.27,0.0
DCOILWTICO,28,2026-09-30,-0.0007859044250854599,1,2026-09-02,2026-09-02,92.15,0.6700000000000017
DCOILWTICO,28,2026-10-01,-0.0005839413895759641,16,2026-09-03,2026-09-03,92.55,0.3999999999999915
DCOILWTICO,28,2026-10-02,-0.0005506164497153846,21,2026-09-04,2026-09-04,92.69,0.14000000000000057
DCOILWTICO,28,2026-10-03,-0.0004067249343343603,19,2026-09-05,2026-09-04,92.69,0.0
DCOILWTICO,30,2026-09-30,-0.0007859044250854599,1,2026-08-31,2026-08-31,87.03,2.460000000000008
DCOILWTICO,30,2026-10-01,-0.0005839413895759641,16,2026-09-01,2026-09-01,91.48,4.450000000000003
DCOILWTICO,30,2026-10-02,-0.0005506164497153846,21,2026-09-02,2026-09-02,92.15,0.6700000000000017
DCOILWTICO,30,2026-10-03,-0.0004067249343343603,19,2026-09-03,2026-09-03,92.55,0.3999999999999915
DCOILWTICO,42,2026-09-30,-0.0007859044250854599,1,2026-08-19,2026-08-19,87.28,0.7999999999999972
DCOILWTICO,42,2026-10-01,-0.0005839413895759641,16,2026-08-20,2026-08-20,89.75,2.469999999999999
DCOILWTICO,42,2026-10-02,-0.0005506164497153846,21,2026-08-21,2026-08-21,87.21,-2.5400000000000063
DCOILWTICO,42,2026-10-03,-0.0004067249343343603,19,2026-08-22,2026-08-21,87.21,0.0
DCOILWTICO,60,2026-09-30,-0.0007859044250854599,1,2026-08-01,2026-07-31,86.16,0.0
DCOILWTICO,60,2026-10-01,-0.0005839413895759641,16,2026-08-02,2026-07-31,86.16,0.0
DCOILWTICO,60,2026-10-02,-0.0005506164497153846,21,2026-08-03,2026-08-03,81.96,-4.200000000000003
DCOILWTICO,60,2026-10-03,-0.0004067249343343603,19,2026-08-04,2026-08-04,77.33,-4.6299999999999955
DCOILBRENTEU,0,2026-09-30,-0.0007859044250854599,1,2026-09-30,2026-09-29,113.96,0.0
DCOILBRENTEU,0,2026-10-01,-0.0005839413895759641,16,2026-10-01,2026-09-29,113.96,0.0
DCOILBRENTEU,0,2026-10-02,-0.0005506164497153846,21,2026-10-02,2026-09-29,113.96,0.0
DCOILBRENTEU,0,2026-10-03,-0.0004067249343343603,19,2026-10-03,2026-09-29,113.96,0.0
DCOILBRENTEU,1,2026-09-30,-0.0007859044250854599,1,2026-09-29,2026-09-29,113.96,-6.010000000000005
DCOILBRENTEU,1,2026-10-01,-0.0005839413895759641,16,2026-09-30,2026-09-29,113.96,0.0
DCOILBRENTEU,1,2026-10-02,-0.0005506164497153846,21,2026-10-01,2026-09-29,113.96,0.0
DCOILBRENTEU,1,2026-10-03,-0.0004067249343343603,19,2026-10-02,2026-09-29,113.96,0.0
DCOILBRENTEU,3,2026-09-30,-0.0007859044250854599,1,2026-09-27,2026-09-25,116.01,0.0
DCOILBRENTEU,3,2026-10-01,-0.0005839413895759641,16,2026-09-28,2026-09-28,119.97,3.9599999999999937
DCOILBRENTEU,3,2026-10-02,-0.0005506164497153846,21,2026-09-29,2026-09-29,113.96,-6.010000000000005
DCOILBRENTEU,3,2026-10-03,-0.0004067249343343603,19,2026-09-30,2026-09-29,113.96,0.0
DCOILBRENTEU,7,2026-09-30,-0.0007859044250854599,1,2026-09-23,2026-09-23,117.45,2.5600000000000023
DCOILBRENTEU,7,2026-10-01,-0.0005839413895759641,16,2026-09-24,2026-09-24,120.92,3.469999999999999
DCOILBRENTEU,7,2026-10-02,-0.0005506164497153846,21,2026-09-25,2026-09-25,116.01,-4.909999999999997
DCOILBRENTEU,7,2026-10-03,-0.0004067249343343603,19,2026-09-26,2026-09-25,116.01,0.0
DCOILBRENTEU,8,2026-09-30,-0.0007859044250854599,1,2026-09-22,2026-09-22,114.89,-1.2600000000000051
DCOILBRENTEU,8,2026-10-01,-0.0005839413895759641,16,2026-09-23,2026-09-23,117.45,2.5600000000000023
DCOILBRENTEU,8,2026-10-02,-0.0005506164497153846,21,2026-09-24,2026-09-24,120.92,3.469999999999999
DCOILBRENTEU,8,2026-10-03,-0.0004067249343343603,19,2026-09-25,2026-09-25,116.01,-4.909999999999997
DCOILBRENTEU,14,2026-09-30,-0.0007859044250854599,1,2026-09-16,2026-09-16,127.84,-2.960000000000008
DCOILBRENTEU,14,2026-10-01,-0.0005839413895759641,16,2026-09-17,2026-09-17,121.18,-6.659999999999997
DCOILBRENTEU,14,2026-10-02,-0.0005506164497153846,21,2026-09-18,2026-09-18,119.66,-1.5200000000000102
DCOILBRENTEU,14,2026-10-03,-0.0004067249343343603,19,2026-09-19,2026-09-18,119.66,0.0
DCOILBRENTEU,21,2026-09-30,-0.0007859044250854599,1,2026-09-09,2026-09-09,109.51,3.3900000000000006
DCOILBRENTEU,21,2026-10-01,-0.0005839413895759641,16,2026-09-10,2026-09-10,120.98,11.469999999999999
DCOILBRENTEU,21,2026-10-02,-0.0005506164497153846,21,2026-09-11,2026-09-11,118.06,-2.9200000000000017
DCOILBRENTEU,21,2026-10-03,-0.0004067249343343603,19,2026-09-12,2026-09-11,118.06,0.0
DCOILBRENTEU,28,2026-09-30,-0.0007859044250854599,1,2026-09-02,2026-09-02,97.59,1.5700000000000074
DCOILBRENTEU,28,2026-10-01,-0.0005839413895759641,16,2026-09-03,2026-09-03,100.52,2.9299999999999926
DCOILBRENTEU,28,2026-10-02,-0.0005506164497153846,21,2026-09-04,2026-09-04,102.24,1.7199999999999989
DCOILBRENTEU,28,2026-10-03,-0.0004067249343343603,19,2026-09-05,2026-09-04,102.24,0.0
DCOILBRENTEU,30,2026-09-30,-0.0007859044250854599,1,2026-08-31,2026-08-28,89.75,0.0
DCOILBRENTEU,30,2026-10-01,-0.0005839413895759641,16,2026-09-01,2026-09-01,96.02,6.269999999999996
DCOILBRENTEU,30,2026-10-02,-0.0005506164497153846,21,2026-09-02,2026-09-02,97.59,1.5700000000000074
DCOILBRENTEU,30,2026-10-03,-0.0004067249343343603,19,2026-09-03,2026-09-03,100.52,2.9299999999999926
DCOILBRENTEU,42,2026-09-30,-0.0007859044250854599,1,2026-08-19,2026-08-19,92.37,-2.9200000000000017
DCOILBRENTEU,42,2026-10-01,-0.0005839413895759641,16,2026-08-20,2026-08-20,94.0,1.6299999999999955
DCOILBRENTEU,42,2026-10-02,-0.0005506164497153846,21,2026-08-21,2026-08-21,96.92,2.9200000000000017
DCOILBRENTEU,42,2026-10-03,-0.0004067249343343603,19,2026-08-22,2026-08-21,96.92,0.0
DCOILBRENTEU,60,2026-09-30,-0.0007859044250854599,1,2026-08-01,2026-07-31,96.95,0.0
DCOILBRENTEU,60,2026-10-01,-0.0005839413895759641,16,2026-08-02,2026-07-31,96.95,0.0
DCOILBRENTEU,60,2026-10-02,-0.0005506164497153846,21,2026-08-03,2026-08-03,88.9,-8.049999999999997
DCOILBRENTEU,60,2026-10-03,-0.0004067249343343603,19,2026-08-04,2026-08-04,86.47,-2.430000000000007
