series,lag_days,distinct_date_pairs,r
DCOILWTICO,0,4,
DCOILWTICO,1,4,0.8705935386540846
DCOILWTICO,3,4,-0.03586889426191193
DCOILWTICO,7,4,0.10506981025009635
DCOILWTICO,8,4,-0.6322702048483851
DCOILWTICO,14,4,0.8882020722066883
DCOILWTICO,21,4,-0.40367164409621287
DCOILWTICO,28,4,-0.9607110793883695
DCOILWTICO,30,4,-0.47863983019054174
DCOILWTICO,42,4,-0.25327707423757717
DCOILWTICO,60,4,-0.7859004310557652
DCOILBRENTEU,0,4,
DCOILBRENTEU,1,4,0.8705935386540848
DCOILBRENTEU,3,4,-0.10157075456690551
DCOILBRENTEU,7,4,-0.38753819312678073
DCOILBRENTEU,8,4,-0.27738639463085607
DCOILBRENTEU,14,4,0.42701198570117954
DCOILBRENTEU,21,4,-0.27704679838153223
DCOILBRENTEU,28,4,-0.4844653739782583
DCOILBRENTEU,30,4,0.43832005169262306
DCOILBRENTEU,42,4,0.5785730215793153
DCOILBRENTEU,60,4,-0.3799403081875648
