state,model,train,test,mae_cents,zero_change_mae_cents
AK,own_history,25,20,0.012955388966594709,0.003206310620333208
AK,all_states,25,20,0.01767100416323798,0.003206310620333208
AL,own_history,24,20,0.02544746755922544,0.030677835911053674
AL,all_states,24,20,0.024653565241359438,0.030677835911053674
AR,own_history,24,20,0.032854666254231724,0.02651845792794324
AR,all_states,24,20,0.027154298959770864,0.02651845792794324
AZ,own_history,25,20,0.01933651529400263,0.0276923928768821
AZ,all_states,25,20,0.021981078161851634,0.0276923928768821
CA,own_history,25,20,0.019553695736243257,0.017516259100136072
CA,all_states,25,20,0.0182599144225673,0.017516259100136072
CO,own_history,25,20,0.22519179479241797,0.2516507891157085
CO,all_states,25,20,0.21964100591818414,0.2516507891157085
CT,own_history,24,20,0.022701109556964368,0.012401120577621407
CT,all_states,24,20,0.019420888320776916,0.012401120577621407
DC,own_history,23,20,0.013343676395365784,0.009803912218879251
DC,all_states,23,20,0.017629033455608917,0.009803912218879251
DE,own_history,24,20,0.10299906179319061,0.11335464708324208
DE,all_states,24,20,0.0977580283183867,0.11335464708324208
FL,own_history,24,20,0.0762170247008308,0.10547602422265674
FL,all_states,24,20,0.07358595837978296,0.10547602422265674
GA,own_history,24,20,0.11885115076648828,0.05211449295460509
GA,all_states,24,20,0.1332172005230443,0.05211449295460509
HI,own_history,25,20,0.040590360558332594,0.019486560753506587
HI,all_states,25,20,0.04695586476780456,0.019486560753506587
IA,own_history,24,20,0.05929433929208505,0.05132147440211923
IA,all_states,24,20,0.05655296998733857,0.05132147440211923
ID,own_history,25,20,0.029646734749616314,0.02718400209587112
ID,all_states,25,20,0.03778910739437208,0.02718400209587112
IL,own_history,24,20,0.03041252504319826,0.034916319933631174
IL,all_states,24,20,0.04086208126127248,0.034916319933631174
IN,own_history,24,20,0.03934389579758171,0.06058557937918338
IN,all_states,24,20,0.039269094967092806,0.06058557937918338
KS,own_history,24,20,0.033146966210921926,0.03224832601252031
KS,all_states,24,20,0.034012982578767184,0.03224832601252031
KY,own_history,24,20,0.053299444201613005,0.05027800322537871
KY,all_states,24,20,0.05738117711575017,0.05027800322537871
LA,own_history,24,20,0.023833551089151483,0.0246728909284824
LA,all_states,24,20,0.022294759117791402,0.0246728909284824
MA,own_history,24,20,0.018777946555784224,0.013082007678489351
MA,all_states,24,20,0.02035688098577017,0.013082007678489351
MD,own_history,24,20,0.042998426720091756,0.06648457062371892
MD,all_states,24,20,0.044768287218226246,0.06648457062371892
ME,own_history,24,20,0.012456626395210502,0.01188204368998959
ME,all_states,24,20,0.01369926865937009,0.01188204368998959
MI,own_history,24,20,0.06496068112399554,0.058047923092048904
MI,all_states,24,20,0.06607544170065471,0.058047923092048904
MN,own_history,24,20,0.042363476293048874,0.037915027751205185
MN,all_states,24,20,0.04316682464241529,0.037915027751205185
MO,own_history,24,20,0.036408019965133126,0.0365383172900333
MO,all_states,24,20,0.032311863026933695,0.0365383172900333
MS,own_history,24,20,0.023436638873709326,0.016681557204075884
MS,all_states,24,20,0.02663963289091044,0.016681557204075884
MT,own_history,25,20,0.03322587523090423,0.010011061156745188
MT,all_states,25,20,0.044857936351849134,0.010011061156745188
NC,own_history,24,20,0.030456684144925427,0.034861516890564076
NC,all_states,24,20,0.02888311324344768,0.034861516890564076
ND,own_history,24,20,0.045526303350823145,0.025802065511786296
ND,all_states,24,20,0.05459556599597593,0.025802065511786296
NE,own_history,24,20,0.0858917277945661,0.06307667355865228
NE,all_states,24,20,0.07333049657080681,0.06307667355865228
NH,own_history,24,20,0.01637222726347149,0.01636023324719412
NH,all_states,24,20,0.016341670966667846,0.01636023324719412
NJ,own_history,24,20,0.022742018685923925,0.02461810788079003
NJ,all_states,24,20,0.023329588714112708,0.02461810788079003
NM,own_history,25,20,0.03916723021567186,0.05552100607530059
NM,all_states,25,20,0.04574428310143358,0.05552100607530059
NV,own_history,25,20,0.024958000634470335,0.02614624111694811
NV,all_states,25,20,0.027300658013240123,0.02614624111694811
NY,own_history,24,20,0.008368575924504578,0.007632128507926823
NY,all_states,24,20,0.008100792571206229,0.007632128507926823
OH,own_history,24,20,0.17474025180994335,0.229892688821993
OH,all_states,24,20,0.1754166103286652,0.229892688821993
OK,own_history,24,20,0.042749821113780166,0.048892451520174365
OK,all_states,24,20,0.0519497416250767,0.048892451520174365
OR,own_history,25,20,0.03521782221354925,0.025381680998857955
OR,all_states,25,20,0.04023862887363217,0.025381680998857955
PA,own_history,24,20,0.02113119345412891,0.027696205207149865
PA,all_states,24,20,0.02102075076181036,0.027696205207149865
RI,own_history,24,20,0.02838832651594252,0.026651211497171173
RI,all_states,24,20,0.03822874566862442,0.026651211497171173
SC,own_history,24,20,0.05877319326034458,0.05630343269573178
SC,all_states,24,20,0.0604738874540771,0.05630343269573178
SD,own_history,24,20,0.04167972664580628,0.04156101912775631
SD,all_states,24,20,0.037009223758246904,0.04156101912775631
TN,own_history,24,20,0.031066540891678932,0.040329503206682715
TN,all_states,24,20,0.0265121623357053,0.040329503206682715
TX,own_history,24,20,0.035823750033457925,0.043313424324843364
TX,all_states,24,20,0.03502017263555571,0.043313424324843364
UT,own_history,25,20,0.05329511734988273,0.04457652026336088
UT,all_states,25,20,0.0528143042234124,0.04457652026336088
VA,own_history,24,20,0.03277896502220594,0.04572386211161612
VA,all_states,24,20,0.0356131168274975,0.04572386211161612
VT,own_history,24,20,0.01040047033153752,0.008275728310400791
VT,all_states,24,20,0.011412028047110478,0.008275728310400791
WA,own_history,25,20,0.02216382425406343,0.015012361459347279
WA,all_states,25,20,0.02221416568017962,0.015012361459347279
WI,own_history,24,20,0.045277752520915225,0.041686290493000024
WI,all_states,24,20,0.04317452546446926,0.041686290493000024
WV,own_history,24,20,0.03989577220871294,0.05005941353016216
WV,all_states,24,20,0.04159145325818558,0.05005941353016216
WY,own_history,25,20,0.028459911910768517,0.029393765090930474
WY,all_states,25,20,0.030437227671616204,0.029393765090930474
