,AK,AL,AR,AZ,CA,CO,CT,DC,DE,FL,GA,HI,IA,ID,IL,IN,KS,KY,LA,MA,MD,ME,MI,MN,MO,MS,MT,NC,ND,NE,NH,NJ,NM,NV,NY,OH,OK,OR,PA,RI,SC,SD,TN,TX,UT,VA,VT,WA,WI,WV,WY
AK,-0.0043196666353478835,0.10181441618941618,0.1363793338773732,0.21937895198973364,0.17817171569921425,0.11095531187334233,-0.12845749062038825,0.3131894704291226,-0.09621764954172964,0.04868676993428544,-0.0009866952173972446,0.20570183163303016,0.1684520270344655,-0.007882424215429453,0.22881948891021459,0.15047449917243108,0.21671584940130692,0.13657511864306782,0.010469527441946347,0.012051332778168927,0.16219499189458955,0.07738931521312781,0.06473368871677622,0.24878642764240275,0.18312595243401156,0.16989362453202747,0.09079146244376447,0.026567910498831816,0.17547352083162393,0.15557428161316142,0.13074615565079065,0.0696511126737315,0.03567831269982907,0.15173810613338876,0.0938248949953407,0.171886338123109,0.10168014811907783,0.2678085055811543,0.09052241514181789,0.16118995775201908,-0.06440894674392135,0.1559540189540803,-0.014344221269452622,0.2098495453163356,-0.04902952525629839,0.05298312848203532,-0.10945013360664815,0.24851422871414075,0.18401662492455803,0.05163129379277018,-0.09654721359272288
AL,-0.0452704071883595,0.3043891573572764,0.08928845970182442,0.223055604406871,0.5061990403401031,0.36773138202851524,0.20295693440954796,0.21582129279587645,0.4271309294856143,0.3636327571245803,0.254460966170164,0.20050880487235415,-0.06493455064498437,0.05741948151066992,0.20050864021265674,0.2833594198923239,0.007193453701881748,0.25295439895090593,0.2091688277440242,0.35946525685527764,0.29396328006360967,0.19480941473878816,0.36056933801509466,0.17528901009245432,0.05252874769830839,0.23941213673795256,0.43457819773224743,0.2763114149384685,-0.013428774716164212,-0.04174272049877649,0.3984073323955261,0.3680437766141541,0.42559609090189116,0.33501219626186374,0.3798356163427814,0.3888720077616718,0.14435307991466434,0.5819305170101656,0.28490230935383326,0.19558010351049654,0.1912609924906829,-0.04729703779465848,0.17445262622365984,0.3185406956437918,-0.0252661381090624,0.2392664823813689,0.20557724692972312,0.5361606372442018,0.37127766299262027,0.31052970581307304,0.16166874614338073
AR,0.02267112958692606,0.021826492262009535,-0.4025363334516292,0.07141918232474496,0.23990341495496598,0.32525967117814875,-0.05251701009438231,0.05264492093554578,0.31222527199168965,0.08166880314648667,0.09018341402330017,0.12900730049737247,-0.596620221400594,0.11333545637639934,-0.39221228408825665,-0.19879147340771244,-0.5332577229225154,-0.23965066528127793,0.053091619902854374,0.1209558468935936,0.03621756162082393,0.052637682604643556,0.03600084259013224,-0.39915421794838996,-0.5261899104039213,0.006416995803745668,0.2959821741804024,-0.007089154306015758,-0.43374543925278336,-0.5353435916034196,0.06928933361893462,0.12094037950491959,0.40123307652244167,0.2630593063378459,0.09646338982374558,0.04083352707592383,-0.32673457249584675,0.3599978056289261,-0.11513507452675839,0.08091850067921458,0.08068044885659506,-0.5572094501185362,-0.21678296694138896,0.07992112366828415,0.10993868860756119,-0.0009540875462282016,0.08151593338719354,0.3665423077584895,-0.05974848655323698,-0.045624077211118046,0.18305195606471192
AZ,0.12757158565473717,0.4216082865898165,0.25710128330771514,0.19820244843170004,0.35452505003707324,0.25345339476621526,0.31429319205702333,0.009541151444685451,0.15165951921001145,0.4120684246833183,0.3564876765798482,0.15892446659217632,0.11392264795957084,-0.12997137941647668,0.3496811624760506,0.3743761365930387,0.1706938137956316,0.36297716094361643,0.187971916082505,0.43257760162541986,0.36885785647850455,0.28163959105768926,0.493668259238937,0.36041691935001857,0.2363856123463838,0.2056263056821022,0.4842419367343633,0.42704265216580184,-0.05345676424443293,0.17495901823460766,0.31685684051448015,0.22949883729847462,0.15474920758497912,0.3275025474314414,0.4131196120891922,0.33710329522984867,0.24400666929228493,0.48442342806775623,0.2963181027419189,0.4356967051127237,0.46316478976684283,0.11881524213923189,0.33606112967799345,0.46166807997612924,-0.09636350638771984,0.3627521279450569,0.3398742035443252,0.3420151872307368,0.44679582882241553,0.23111879514374167,-0.1459847617516941
CA,0.10572094830613903,0.34999513435752344,0.23323672963798833,0.19266050675101973,0.48775808733806014,0.13223093720124265,0.1333428803160079,0.13127460603517369,0.24237890264243295,0.30321715069245325,0.22185294705726766,0.17909872000790544,0.1689190517643925,-0.047041776938849506,0.3625688614079031,0.3075286093863756,0.20539438624608028,0.3069085718554168,0.17516086298304284,0.2895424436220078,0.20506568680334833,0.08980133802115665,0.3303528387132902,0.39248031085384405,0.2681417737682481,0.3064424120780984,0.3348865774006879,0.2631510629898926,0.11888160317795357,0.19510133635232796,0.23824676311561843,0.153856380513074,0.1561062646588852,0.3158403009131246,0.24984511781744276,0.30209825674719887,0.25903089694372927,0.5180512085291917,0.2501187613622775,0.2265112451385389,0.1842584669066516,0.1785372643676904,0.3508689014424123,0.39585835324939617,-0.1112328407039027,0.2416603229802875,0.13364184980696653,0.4609421152142855,0.4202976427902537,0.1442957089386255,0.013940577700817332
CO,-0.11682964021663057,0.1395606026402112,0.16481917106640404,0.045249412532647894,0.21810991219093329,0.05035306195535678,0.03984055368717306,0.14232879625587683,0.08701019163302323,0.14459873357735598,0.13871383702467854,0.14025446249217796,0.18951709512170523,0.061020257424028175,0.23597054570190834,0.11047230975094252,0.2072177932233601,0.16189209590510867,0.027064359613933678,0.1797862550030608,0.021014689789699878,0.1902875710600803,0.0908522484923872,0.2643427430637538,0.21125794864703137,0.03821492151891293,0.12537577632268887,0.11421761020834505,0.07089611605979436,0.19455505363284886,0.02302134217979209,-0.01542283068557954,0.008170730005039232,0.1466015696561902,0.1837740478494556,0.045331864302998244,0.05347912963282839,0.27101244505190036,0.1368948546693369,0.12123551120431544,0.051388685552659755,0.19379057862114318,0.2776172375345654,0.1513458100579097,-0.0012084726909459592,0.06474188477119608,0.15300837083522187,0.2586206573969961,0.19479932394724875,-0.04870953017775405,0.13729341324529545
CT,0.09335072797682328,0.419848580797373,0.11390630713225305,0.3704821944606988,0.4874603290462393,0.4499894479573941,0.30651218737743197,0.21460629886182697,0.4382939156627664,0.45673062446692897,0.39435846906041144,0.04786402633364259,-0.09778897875061948,0.19830066664785717,0.18536485205454883,0.324192890871512,0.011605965739185129,0.34163791850004055,0.3848382453965621,0.43225535077698496,0.3466116076380388,0.24817078299973092,0.39183312169043616,0.1405393134028622,0.06388662930231312,0.37542672418748396,0.45410156103610927,0.35679105516584647,0.04596758422296422,-0.09678287995064938,0.4057925371387725,0.5373234402395272,0.6113383473768487,0.29858976980897706,0.48972904907910214,0.4700290024595136,0.24347000875036587,0.46900062091005285,0.2755705856612103,0.09976681529632153,0.30832870077644187,-0.000912298341713635,0.2373697155972473,0.37821964678545805,0.14000900822346746,0.32740058558654717,0.3765284916427354,0.36265134456178516,0.3520261679690778,0.3039576330819207,0.25160244056672243
DC,0.003192499644991726,0.002555195727242149,-0.06471385557357519,-0.00040941835493463695,0.029821681924501603,0.0056068918721175745,-0.07076500604292271,-0.10534179504957637,-0.09028189721271776,0.04265812704703019,0.05842533201827481,-0.10494764918725487,-0.1016895952215066,0.09231665795715825,-0.06602768228961244,0.03303946323006899,-0.06084170600449966,0.01788204074579146,-0.024870265395900617,-0.039395702681082036,0.0033591810954467145,0.035631214648346156,0.03949518749941929,-0.1075478674991946,-0.07816915032146865,0.08406641715346384,-0.11912406841920793,-0.07408764055258041,0.03250544131962688,-0.05250359187300855,0.05146853590388405,-0.016451362062279068,0.025220902828746793,0.06776523457185016,-0.04631034887099996,0.018155792251977505,0.06365239375220788,0.0044985217725456265,-0.16202695139384063,0.07863488056227745,0.05460048882562549,-0.12372072507742739,0.04327495443199609,-0.0077713293068228,0.11508402896460246,-0.009089493547733163,-0.0717679120158299,0.10178785514081877,-0.030123203162525678,-0.26218535530228,0.046036947071629364
DE,0.06647092037340943,0.4325763628783606,0.4151545247960276,0.25837104395556426,0.31252210195184604,0.10485079773366746,0.39506566775360225,0.019506792300439176,0.4180189548475372,0.47433578504450974,0.421918678913091,-0.1250723687275864,0.2946559752560986,0.03174066338537285,0.5236598636467897,0.5422624377564682,0.3648311200143658,0.5227009826394697,0.3561773838241502,0.5377806537405462,0.37082480617104313,0.1918667768063881,0.4704110531541797,0.46728786711339687,0.42848234559266946,0.21672084697881033,0.3157541487296587,0.40318664093315437,0.26590807099140307,0.31096965059165965,0.42578225746655096,0.5269183389166139,0.2605738528852592,0.10120918504541337,0.3509966535504635,0.467197417844283,0.5058897670122048,0.3806935896103921,0.37393975861910017,0.2562903929175253,0.3494262811085995,0.35240619368315823,0.43896817561118595,0.40610428550808103,-0.10604984786418468,0.37540703457643126,0.2838933412644638,0.1965560776565948,0.47633550711797124,0.3302120327990234,0.021687204134177043
FL,0.03047469886866315,0.4462255390570876,0.2400932945072523,0.35766663009052035,0.6031305554026639,0.4671982596310779,0.3048126908479284,0.14488950997449254,0.49419123490574324,0.4498975801390853,0.3353582582424629,0.19634343452035263,-0.005336239679800099,0.125680699674015,0.31402311549169726,0.41664201983863214,0.09469702656611448,0.38792685935119986,0.2854503648639971,0.43743530114440227,0.39606070063997445,0.20370168913134043,0.4823551051252196,0.2773263267863581,0.1457185883104977,0.37641333149524814,0.5071871892873878,0.4054198477485604,0.02780401230809042,0.02156932530039421,0.49308172096461267,0.4534022229703899,0.4887652120551396,0.38893987794143436,0.4863230956754772,0.5175523924653203,0.33236116188827963,0.5937249931873548,0.3789010292277676,0.2379017069299709,0.327489585724703,0.06776103218206114,0.27308608233296505,0.43255927289868445,0.025272750128911416,0.36736325764525823,0.2980015286930728,0.5403992437717485,0.5060540923091906,0.40317664455971025,0.13943850884624429
GA,0.0648085917899658,0.3814081807124112,0.26933210564941035,0.28974923104157463,0.4809088318434645,0.4329379450661792,0.2534928520012227,0.12980923431488306,0.44099487717906083,0.3771205695725922,0.24878646665549395,0.12156217996101605,0.04061720971887103,0.08359084922006163,0.31909031806851756,0.36541833618173286,0.116644771415969,0.3689756905228493,0.16614243673697662,0.37451759296789217,0.3642603489822568,0.12579156329628285,0.423896345360491,0.2800010703419165,0.1745425453642563,0.3354080175515519,0.5101654164733803,0.341645095601721,0.08450249184932515,0.08003635514809328,0.45960846790806265,0.3991624918663078,0.46248972989111387,0.31467643078772295,0.4256373110472912,0.45962055581299716,0.3353804482585131,0.5654131191112205,0.35668355494329756,0.2360197339604175,0.2514860504684224,0.1176232171465313,0.23414782992374977,0.39392274654831505,0.019435346555331617,0.3318921706058336,0.19859720168286468,0.48545085398755083,0.4507367915354686,0.4095650756335717,0.1132766830314886
HI,-0.038047022046506354,0.009744915961154066,0.01688212130823006,-0.02304800019007023,0.1484072255727204,-0.03749177376209633,-0.09258994470462024,0.07217149539091752,-0.17780446549462708,-0.07846297249754104,-0.13962294728439412,0.14005144933719518,0.13529149683101133,-0.2557164579852334,0.08656657625066118,-0.04889451208341201,0.09064437177666815,-0.03757803000238984,-0.13272740668303276,-0.12468101421022108,-0.04841828145137636,-0.118466100692235,-0.035533752378876404,0.18606277326754495,0.11236687137284847,0.004387905440735866,0.06769078952096447,0.01131784318027568,0.05691400963499635,0.14271503012886694,-0.18447219599142683,-0.3169670682684334,-0.14945281428725488,0.04380997874523563,0.03348779269570636,-0.11873820847542899,-0.03128602722491979,0.08180226177335861,0.1056088713066521,-0.06809256082357829,-0.04100901827699747,0.11233602022114475,0.16608803749840456,0.05630845832311726,-0.18252185660081718,0.015362975308610164,-0.057345632085538084,0.11319532433893938,0.08183359887781451,0.00619701415377663,-0.14585245498479693
IA,0.12942255199607086,-0.12435053627677797,-0.6754263607343265,0.05228685017556262,0.13075815215451245,0.3650016809038531,-0.16308459315478302,-0.08154758085253508,0.2268918187878272,-0.07882759081485292,-0.046156990581070506,0.0850434222284187,-0.9157542132181773,0.20792570449342357,-0.7479362597037987,-0.4485649210351583,-0.887078008813502,-0.45170772764870265,0.003924620984540115,-0.054577483967931086,-0.020478952587361113,-0.010676131716849047,-0.10223422568211919,-0.7420303806845088,-0.8627947311483749,-0.0357744843056825,0.12271235217039299,-0.192509477976365,-0.6361259508500987,-0.8684049314614464,-0.06892732111436392,0.008067439610270276,0.435645667930923,0.25100802694004404,-0.061190719218650984,-0.1328616009500859,-0.5158691124303488,0.19065620425936336,-0.3690895213707557,-0.04623585829610995,0.019051278900475314,-0.8726889058003038,-0.4533584584617121,-0.051743099773413515,0.3063590280350777,-0.12015360419877652,-0.05969781173336969,0.25841434045178124,-0.2433534842537121,-0.21195439231253638,0.21123973564815485
ID,0.1319110553932457,0.021327200037826535,0.07405627883356611,-0.09637594083907249,0.0008114577956084146,-0.08025357200171807,-0.06900438146938526,0.19641852524839237,-0.029543910704866193,0.007899536587026206,0.05177882379898768,0.04629205052783934,0.13287525626503924,0.002222256200024772,0.14123547318069823,-0.019283779468339087,0.10875682175013994,-0.025881094645622185,-0.003456220691841245,0.04619601157620598,-0.1000247859253676,0.015358055290705717,-0.03942097771124573,0.09822784600004991,0.13510869791075558,-0.10140994525407467,0.2290320556849468,-0.03468810691159662,0.09918113476711342,0.18949430133193387,-0.11044769023611747,-0.03993035896286376,-0.02335781260864548,-0.028274546464538253,-0.019710209145256567,-0.08078496615032742,0.06054196715225874,0.08184763887857101,-0.08497333565491903,0.06455007560034075,-0.002955334963297609,0.14921515995152362,0.06165473819145932,0.05008737433558244,-0.03196324427600557,-0.07021474374551123,0.10302549511473297,0.044134858975681264,-0.023268939341980037,-0.20694995540524572,0.05445255136260687
IL,0.1741222325984618,0.1681570623236087,-0.3861506139265139,0.23630337270645313,0.4377442241944293,0.541999520359097,0.05988189958606468,-0.012191692603366519,0.4136355666289019,0.24040571611097442,0.23265829034348476,0.13648767366777598,-0.6944827693265836,0.2337269476316476,-0.3814406358974949,-0.10481333202648348,-0.6265450454345541,-0.12295373306999831,0.22525763558116402,0.2196384439628451,0.2120344415049097,0.10954750101656241,0.20327729348866055,-0.3849453844905376,-0.5600530280529277,0.1804523409688718,0.36920650043735204,0.07735097041345547,-0.46910913983196173,-0.640518479876538,0.2571273940600594,0.2383306894554369,0.5932461986175891,0.4405727388403772,0.20632268296577885,0.16680960902742173,-0.21146744627794964,0.5022754740552192,-0.08860684956579437,0.08850375603652846,0.2189105009086242,-0.6279631851623902,-0.16180166287943884,0.2575246368303325,0.2725751821337457,0.11395758184873724,0.09925867712794047,0.4913651803504662,0.11997453893150745,0.028442426262990476,0.25167536601071794
IN,0.17472021735313809,0.4208358152707182,-0.05996019838107689,0.2998639931521179,0.5591620664897795,0.45387063686826146,0.2879546714276997,0.06860713040696605,0.5588171442501381,0.4992310265425178,0.47335964429077804,0.09926543188286809,-0.33102510172624433,0.10461741079221115,0.04814599214954639,0.29423812134722305,-0.2233521672232084,0.2409108800461014,0.3929010046298413,0.4675177931439301,0.3870163038417319,0.2926042348550693,0.45541382021087345,0.025292455565160358,-0.13848008226318367,0.31614267693146086,0.4957352833734629,0.3349116605151112,-0.1936172985540398,-0.2757827122021748,0.5347760872540496,0.49340857683665185,0.5614131889031215,0.3702765002932911,0.4460995853342904,0.47618451154896757,0.1311141980070407,0.5916932531684063,0.2251541713331853,0.261971993898801,0.33105468715803277,-0.2642507367074597,0.1296052460279889,0.44092615084106895,0.04273101723648575,0.33545658546975166,0.3264782103271178,0.48461698714639867,0.39373770191856383,0.3129526686422722,0.15743950546731675
KS,0.12835993137478502,-0.05241302449361322,-0.628801567705557,0.07017453861704111,0.1871449454567742,0.3792831869690287,-0.08025850921097893,-0.09761468080823806,0.2976337442462176,0.013479628360212366,0.016119716378060287,0.1192169124106563,-0.8792609362953167,0.1821670122860445,-0.678948321219764,-0.36596554576887064,-0.8604039892024107,-0.36497552103312936,0.031786607801390414,0.02328518539233503,0.03798080654024692,0.05199558086864859,-0.010761752762431121,-0.6622169750320218,-0.7976055279013591,-0.007209764440657611,0.1882417670507026,-0.09220176552501165,-0.6389633813311657,-0.8314916710678691,0.0045966455462412535,0.06219151703585731,0.43938428517141026,0.26190302243736524,0.02087959112722312,-0.04790155580435472,-0.4853668314307043,0.24081288291233857,-0.2461228513056048,-0.0009686019407171677,0.06962356458751864,-0.8446768138406121,-0.36658955252620906,-0.0006548338691549421,0.27566298002090484,-0.03972043281010607,-0.012051251834331428,0.29152623358786245,-0.15440676895582092,-0.09555791440569643,0.21433971933522694
KY,0.11088545254679831,0.25983266075170425,-0.16792579618073733,0.2084428744481213,0.47860760753885484,0.43012068321541247,0.1421080812922919,0.11276359574869917,0.4966942279193441,0.3629501950399276,0.29307786127642765,0.1416358604655737,-0.3745540985015648,0.09284896833099535,-0.08022404208289263,0.13097782362521862,-0.310805417035155,0.07152269181601102,0.3189943700573151,0.33959866986613085,0.27821690254376985,0.22596780121829102,0.30890285310307997,-0.07522633105475879,-0.21758315245226406,0.2023305017765436,0.45968003599505325,0.2396447494562941,-0.1898817728346019,-0.33671739886278856,0.3522737908176314,0.3730242630602427,0.5265605039827786,0.37171992947260735,0.34600558557837824,0.2866026052058395,-0.026014605206131636,0.5452030393287385,0.1683879674495628,0.19448785298812718,0.21262879594254017,-0.31680318878941727,0.04727127846384882,0.3070011181758558,0.07571897688816658,0.20274760621992555,0.18312532192559255,0.455385254936791,0.2983555986808138,0.2515069772938533,0.18321178557275622
LA,-0.006614103276822918,0.2634981727900381,0.20286357069036823,0.12859713478167054,0.3573087983795459,0.27595249766075586,0.21900051939716714,0.16079698589447217,0.41038084872055625,0.24463306637912582,0.09985580408550637,-0.025965687163090806,0.0877315173417229,0.11015918394698916,0.29243672699388146,0.27442791295137337,0.09934114136379538,0.2678676098635896,0.017567610487810456,0.2240198069699081,0.2643393033135507,0.0306103768133624,0.30911487402451443,0.25677141806235587,0.1986929287188921,0.21128258557776194,0.3528736650687692,0.23951591901787384,0.14495749169966382,0.14556009744691606,0.32203766331316613,0.293638178067823,0.316331830899029,0.19370612100777965,0.3487159995038149,0.33835736353246504,0.2289068566893905,0.40501180812693843,0.3292817467856625,0.25973589655907997,0.14704023118604773,0.12241954137184091,0.18697947339681664,0.24592660258843724,0.014098463305757111,0.2604085926349066,0.0870586054491341,0.372500786715711,0.3164033569665861,0.31803771446099083,0.12290775275916029
MA,0.02547471769505133,0.4890145988807773,0.20415395333100195,0.4625361845448378,0.6317703216759264,0.4509520132939738,0.42929530295827706,0.10052420706431685,0.5428005579991593,0.6064119418447202,0.5170011420008751,0.1565202601474182,-0.03952068049379425,0.2556380143399749,0.32142889769127886,0.48167872393827565,0.0432178072819777,0.3904729297747669,0.4759312382056917,0.45349192012215306,0.4961550072468293,0.27759869938909615,0.5324519702263897,0.31723030119621815,0.1395636949146803,0.4114819749199271,0.47136571972867247,0.4810602081868805,0.023722364280972994,-0.016395508940261018,0.4852243180216757,0.5315562180384552,0.4534858562299837,0.40455030916225854,0.5193778934908746,0.5768743046763031,0.3118236974702208,0.5382962448840174,0.4430409993923598,0.08416143939599564,0.36841747569304384,0.011448240368503627,0.39347097501022,0.5043694085865299,0.10654656459626498,0.44715709207373183,0.36342579195513974,0.5182107510337018,0.5729750347514174,0.3971431293477371,0.23249526355607467
MD,0.0621847993608196,0.48853362152180335,0.261444426178037,0.30488361252429363,0.5698374974308125,0.45746855286295995,0.35427731422449416,0.14283654651184308,0.3704519221863739,0.5707045846023887,0.49235420512607075,0.20701402549066045,0.013615119893639773,0.08391965378922202,0.3237729235112333,0.48036912711110974,0.13019475083985377,0.4191015439701737,0.378620399391613,0.4926026304115029,0.4833842643515985,0.40582261139549325,0.5465736568857427,0.3017892910298434,0.18271031964605014,0.37595655954342255,0.49559959709413687,0.4909632846027723,0.05253277116349058,0.03875508536343688,0.5375219777020609,0.5050392528152715,0.4565580406683884,0.3930868458990436,0.5406108901530837,0.5494920104554559,0.31890604705845993,0.5823924309010611,0.460224521161424,0.2922116661780154,0.39594076383924615,0.053307096411458484,0.3231339335498364,0.48844048793697337,0.012367889946493961,0.45398613298040086,0.3793825995284906,0.5312110264828496,0.51092569656063,0.4363409471068955,0.16791842029444348
ME,0.05739782972500857,0.5590404824780556,0.32767374100043073,0.36949519937748926,0.5519339304374132,0.39910555377488793,0.4342197043421535,0.11742615456014462,0.3847786376300826,0.6053738908156312,0.5247396456492955,0.17850567361093542,-0.00461818380571919,0.06318442233839967,0.28842821150382075,0.5332796918414189,0.12750745240356795,0.4668987547136114,0.4286474326227867,0.4772438802949446,0.5332443752189548,0.43543472629503543,0.5104243299924838,0.2876663653374687,0.19356266732927407,0.47419677248844955,0.5361644430987729,0.5194425496317503,0.025406433956894403,0.017058892264545676,0.5682499915518255,0.6124243176397544,0.4186664868090513,0.3235180458104572,0.5941832876669899,0.6298497897775965,0.36514884464931563,0.3380845402416475,0.4737763996379797,0.30096140663070325,0.3716488739458812,0.060725457951271655,0.340130424695263,0.49644595026074023,0.0494108966668523,0.5220899384212171,0.5721192634767222,0.39139306607340624,0.49397887343066377,0.4536663444335019,0.15658370005822755
MI,0.07050289808076707,0.46491117083173333,0.2048686344964075,0.3983754380700235,0.6407594767377929,0.4947863385294214,0.35138810548317484,0.1379937224195877,0.4770410429187588,0.5360211385653375,0.4585904796142194,0.22726526319686358,-0.05350153879040946,0.14896491661164263,0.2907951604979602,0.4453720939288163,0.053245732128967944,0.37966481061482477,0.4156620549710576,0.5003117447376046,0.432684356589368,0.3144767614098019,0.5138245147398387,0.26720164732181373,0.12436981737987167,0.3920213430929776,0.5237030767957928,0.4256978529586878,0.012056466157125157,-0.04187887558330055,0.5559988915228602,0.5191251290077187,0.5476114893837065,0.43339618975646893,0.5149597054389976,0.5556917683319765,0.30061764198327534,0.6588646609311737,0.38371444274046634,0.19268242104461902,0.33362768177815916,-0.011851006838835342,0.2569301695085191,0.4870459915656065,0.06199835991575542,0.3898984111498949,0.3286683015832264,0.5854956030427582,0.5208483048571553,0.4465762361444023,0.2139675956413851
MN,0.21974517032912333,0.2725943957976274,-0.3180852084873863,0.30231068571858105,0.5607277055720973,0.6387397652173034,0.09406180659463283,-0.016732908302863312,0.39212520230811,0.3025883773646676,0.25900617715861024,0.2638876685436596,-0.7015392341863838,0.24407922426675316,-0.36535843031533716,-0.049406162331857705,-0.5996565279560154,-0.0655368995028254,0.2809618584120655,0.26714749733277693,0.28658450596148743,0.15765503007916062,0.27917963258911327,-0.3640614733002962,-0.5509402862992128,0.3163620677788666,0.4243268273608744,0.17699216841878154,-0.4509689581540678,-0.6561425300859244,0.22143601380535463,0.27153045827331546,0.6593200487350304,0.5401827120221536,0.27955789866129194,0.23997238488962427,-0.11659398984944365,0.577637130484557,-0.03617158334919656,0.1353749994775811,0.308577998312469,-0.6304021159710694,-0.12271029729811155,0.3404015919479751,0.3185700609147777,0.22423034759833482,0.1706450091365538,0.604308473978854,0.1704861424549761,0.0574435668001504,0.28045627562673875
MO,0.1355701550360067,0.08162895420399117,-0.522781720504525,0.19631541884198986,0.3437206960858142,0.4927022842990908,-0.03102777935936478,-0.0051192307439643075,0.37353271398856924,0.1456095322460527,0.15069186535728546,0.14830124799710623,-0.8330808458136487,0.23933227491439255,-0.5461774896628354,-0.21275216916546397,-0.7560001029883524,-0.23023329198197362,0.18681939735598724,0.16856422455074693,0.16732733190423896,0.10075622423955392,0.09903446941629188,-0.548041868955479,-0.7279512326381026,0.12977458908861078,0.2902691426810893,-0.01274195884512408,-0.5986264506916336,-0.7813046755597935,0.16761486286994887,0.21902969159597865,0.5791713874134568,0.3838062889808293,0.12234150915647074,0.11475027165794112,-0.3347933629980602,0.3824662484733498,-0.22226721230912397,0.110793916517883,0.13896194279954427,-0.7696108554158448,-0.3209387691489131,0.1668043021646343,0.2875549733170732,0.038831333544563786,0.06828703323205243,0.4336246834164864,-0.009622440542576072,-0.04921276213110517,0.23571182150767162
MS,-0.12257128069551936,0.15147720070527573,0.011894784743453003,0.03772292145453575,0.3219396813261662,0.06638283878533695,0.10588148552064543,0.2230863677067062,0.27460024764358254,0.18085064785090638,0.12784938866350962,0.18703045879294564,-0.01073648539838673,-0.08682266951893737,0.14915461644456424,0.16584458651778844,0.03405957613154553,0.12498130334498876,0.08343142352094678,0.2685384059167058,0.10658388064598874,0.16748093813675655,0.22195085216657806,0.14726068460261457,0.04247578441109938,0.046185150628469444,0.2599444819287555,0.16623979095688585,-0.12999885574588,0.028050278557409592,0.24355829495367323,0.20796430518811712,0.15501362973379415,0.19404206119122042,0.2054457454622486,0.23977505640962407,-0.026308810503093423,0.37937244093473077,0.14316796723391542,0.21031583103999485,0.08305305032819964,-0.023122973303026505,0.09278017941069462,0.15132755331589434,-0.17914693332449333,0.0981358928156163,0.17298511658464094,0.35100282714074155,0.23724497949061393,0.1250845894487738,0.0010398908531112042
MT,-0.1423692021011861,0.07829509210333176,0.05743111421296911,0.08502660842120195,0.2065980466641374,0.16312380332491483,0.036807332222398195,0.02799284123808527,0.15369646060803013,0.1830200376484632,0.11793452291661727,0.017287645665897872,0.10103275028352376,0.09242683755150508,0.20523217763783802,0.23032585702730282,0.13916341016977388,0.1830006751535349,0.06272631687286268,0.16242689332003282,0.10360988507271751,0.09595656665649847,0.1455614075768248,0.20362738254476162,0.1316098959907148,0.030090614909367545,0.16309392044278764,0.07004912431207386,0.05041104605254798,0.08905627795034429,0.31722537324295785,0.10713927587465721,0.12328865532853114,0.11979698611711187,0.2091353660669066,0.17574044508110104,0.05436147440873617,0.29329788955622815,0.1600985640554206,0.1822437283732256,0.04358783427175498,0.06896997673606443,0.14260518300491828,0.14561397329756023,-0.11551381240598715,0.0629504776447928,-0.00133455051244952,0.22346888601800316,0.21429685606308005,0.17124661413594347,-0.016327377977443873
NC,0.04355558607741887,0.43329359195961187,0.10237275919618188,0.27381988000693447,0.5783258159725304,0.41624177527906875,0.28574999533670337,0.1379070757962614,0.5111305495955448,0.493667323727799,0.4451264629236181,0.23804518371988237,-0.1358761506362498,0.05611038590939838,0.19020710421640227,0.39631134555513314,-0.013751845705000263,0.3289491704036532,0.39903651069806056,0.46946474609435657,0.38814385800334117,0.31280102099451734,0.44204232714971886,0.15015329802556454,0.024109917900332126,0.31903774893510906,0.42437990292590005,0.4007403463385772,-0.09327526003464091,-0.09375324100941286,0.5164891630784607,0.531392268320776,0.4889903374037279,0.3247728841004655,0.49871382648008283,0.5350657985050401,0.2320158791291278,0.5243070784779108,0.35369415100210355,0.2119514850828718,0.258295453821573,-0.08130273342860653,0.19391070668534874,0.39398351237095264,-0.02769999395453266,0.37193421457076686,0.38128453731973266,0.4930714087187932,0.4004937417400787,0.42800234418855987,0.17012133151188924
ND,-0.07942640884894465,-0.12864106270618902,-0.5452235066566569,-0.10908912319558771,0.017023004774330233,0.12482773482289533,-0.15257649372114682,-0.024222371739977742,0.14752936145815682,-0.06000020696906503,0.013698633002173844,0.11213015171397409,-0.6644951762770532,0.1613190865698301,-0.5370683448517115,-0.3583046613970709,-0.6752780940747103,-0.28486008701403553,0.06810627523203518,0.037222373038623975,-0.04909698559925794,0.07547085419446792,-0.09534679146341599,-0.5337598782001715,-0.6765377270368261,-0.20194750162893904,0.06471710143668992,-0.2032823600694754,-0.76234671637559,-0.6093525818249618,0.011966869736039294,-0.04767266708099284,0.11160796439268461,0.09223561192820315,-0.09645593929773037,-0.14777177728487,-0.5371626144123809,0.036763391005062186,-0.4291704124208117,0.07915840087854398,-0.0217477737739829,-0.6715176695432936,-0.3736894976770286,-0.06070779453336393,0.17404659154263438,-0.18568935860735117,-0.1090937156299401,0.11079506189338581,-0.16288169869468966,-0.31632907003842703,0.10692775298677995
NE,0.09201826849876694,-0.15476852775294403,-0.6394693294994697,-0.0008086123280534495,0.09408327636516757,0.34167081387957127,-0.2246873276163541,-0.03678690917312694,0.20214589576747422,-0.11128991562151555,-0.06942703825484053,0.026085881117395338,-0.819143700038251,0.17716005757220327,-0.6862381716924829,-0.4705345738305344,-0.7938392952157748,-0.46384935936117155,0.0062468062365107,-0.10106360033057979,-0.09559325931370466,-0.10509636205983823,-0.15926509977842443,-0.696888133145493,-0.7926926449627935,-0.06554736795888688,0.11933795829394454,-0.2617254455470999,-0.5227539200268645,-0.780995824014193,-0.050193503186263665,-0.027000118194448756,0.4116063580050313,0.2106949325385099,-0.12307175933509772,-0.2081506639737255,-0.4658844009499563,0.22115299043724276,-0.403009747439014,-0.08372194814866595,-0.054470546396679684,-0.7656144998154388,-0.4349809458498752,-0.05116978158151419,0.24447321716672601,-0.1889535327627238,-0.13823350849461427,0.2553738746532312,-0.2657171841364178,-0.24839534954466966,0.1983492217615136
NH,0.13763254925284912,0.3706328142638975,0.22037802208053114,0.43145943458055414,0.4854016412705682,0.3557745763186388,0.35393945812872507,0.02373400383869471,0.5248205352607263,0.420252681569549,0.3028339516783653,-0.056660115954310954,-0.051142993641282844,0.19757815674535595,0.2723847914756769,0.38979091003885447,0.022079048548927695,0.27456826602848833,0.2104875446300049,0.43413939782287164,0.3759143347920612,0.24297833885854075,0.4654015869749292,0.29092634535379935,0.1571557952884307,0.34069156336159984,0.4163163283685702,0.3723207090567712,0.10939741844528507,-0.05481765443905732,0.47106934461123884,0.45323738404654607,0.5537222163490312,0.40820359464360934,0.3525500438293623,0.5065863157820766,0.2529795090249358,0.6035495336990875,0.34538911472422584,0.2057155701894392,0.3121809421113416,0.004242510530738472,0.27781338113925763,0.43084204332341924,0.12850698167072158,0.34283145400253867,0.1579548978648708,0.4898071724764792,0.5532413033518607,0.3968655008403868,0.19059676425102087
NJ,-0.011801336914873586,0.5130896721970367,0.30087094919615165,0.4071948738811836,0.46597098614079646,0.19062098979432204,0.46658549027845536,0.11349765376354218,0.6124760227902165,0.6230867476435599,0.5209312980091056,-0.06312171655567299,0.10858967559502314,0.04725978696745736,0.47226763659980375,0.5854824018610518,0.195393202817257,0.4910491327620205,0.38428043562390707,0.6163434461363891,0.5037093339764693,0.35552071664102286,0.6003458103320459,0.44206007336324743,0.3078243085151339,0.33264833495883855,0.3890389120943985,0.5148071913061795,0.06478937668924419,0.1541819956661659,0.6430942316094014,0.5937886505129707,0.3844574643811792,0.2925782079305554,0.4976074788950379,0.6555823636812667,0.4097126801352328,0.4408040257624875,0.4685391049115821,0.35392791640830573,0.37279595393620885,0.16147585419160151,0.412609441057926,0.4892855794637884,-0.023702493294776233,0.4646296992369002,0.33473748539483694,0.37085509329629257,0.5973703109732277,0.43243664234426116,0.06894492603112493
NM,-0.0314899900769192,0.29331187077149323,0.32342717635376633,0.022101702923745213,0.16053667292896667,-0.1261649793470246,0.253286812971041,0.17664007238844265,0.1385358384734154,0.3342887413413747,0.3612104512442134,-0.05224807867856922,0.4062717812869635,0.02036409383302106,0.4814421294167543,0.35036287134880145,0.3954645977107058,0.36453397950435906,0.2874752771899523,0.3048312107179924,0.16315356500906086,0.26835939549711596,0.249860074601146,0.5028814164986191,0.4749491692208319,0.055537925801748815,0.16084491245441992,0.2746523381240367,0.15334445339924682,0.410126221732485,0.2541018252422077,0.1677774566951835,-0.1463872771844232,-6.517855468552338e-05,0.2442787260052204,0.2328930850152261,0.21405261848592583,0.16201721808738076,0.27866425957828816,0.20810716956010247,0.16008552338567839,0.3957344148717856,0.45810539218949725,0.2538037586754464,-0.13298775773058594,0.17377780752823435,0.23559448287403928,0.0297087480390099,0.4049866509288657,0.07070650241859404,0.013669184770193866
NV,-0.050499793012781354,0.2411071011459611,0.23343408288453538,0.14642306707352773,0.3348280282434222,0.11701095594483939,0.1273898626973533,0.22950282326008642,0.07887779978264904,0.18598945298142194,0.16621863558186373,0.2211836138853317,0.1793704746099108,-0.014250228133518745,0.291431365845288,0.19343649646575656,0.22225260146938014,0.18274363817260705,0.0664896510012502,0.20587461010074526,0.12326651062139439,0.0661068157706975,0.21187597804754213,0.3221272086082486,0.22015259274771562,0.1888776193555647,0.3122664144517056,0.17069887508157985,0.07846556738796427,0.20591729933485897,0.08879658524947477,0.03575654113794521,0.02964746550525569,0.2681016685902639,0.17916567477313766,0.14818576050657994,0.20456607686570594,0.43173519212602085,0.14581894358600042,0.23365091783334505,0.15607287109571832,0.17090708537787958,0.2375830392992947,0.31575750251169626,-0.06849370030111229,0.148116284098821,0.2154761489881971,0.40617877204946945,0.27830682546424124,0.014982245089873704,0.0047587728462442904
NY,0.03535982809942501,0.40380145310787263,0.07211176721561562,0.23729621342340218,0.4824049588162417,0.2938093077606928,0.3534234884778976,0.15431684535100212,0.46387090425294136,0.48831501172919245,0.41817197356707553,0.05339826007018506,-0.058283808787084015,0.11260777132481388,0.20148600863341307,0.3199255497365336,0.034181208256912794,0.3675228346853393,0.39733365288474615,0.4606242732248359,0.3535024861396818,0.3641741209523279,0.3997131930864001,0.21936571377856517,0.09047180510121457,0.23843533808082448,0.3942335733266939,0.33261103963618477,-0.022234084238475088,-0.07461555609391309,0.4663409846412886,0.48941556725927765,0.47371749460020807,0.2559398600511483,0.4706066492890079,0.430190318393668,0.1782955809434252,0.41111850278455,0.2946606763179954,0.14403755499398022,0.2205028561952963,0.016835107189189853,0.35902460417078924,0.35137638852408326,-0.0018863783056589096,0.3117893077854966,0.3357714069367933,0.39096684525592496,0.4438517717962555,0.2813451512530929,0.21100020050511548
OH,0.17202342732566062,0.5387868348106083,0.2142691199259083,0.3461156434135694,0.5967810230148942,0.33498879029704476,0.3678517001867223,0.14085075627497237,0.5329376651469687,0.6219980222902658,0.5735356509319633,0.09398756778294451,-0.030625268087683774,-0.006300279958411946,0.3491518664255859,0.5627493165966934,0.07324562726181041,0.4328792378504409,0.4791024862940284,0.588347755452702,0.5050309669486379,0.398461354556994,0.6033644982596519,0.33077454230162395,0.19429192741416035,0.37135232713041033,0.481108604095875,0.5442130794815848,-0.029395169387656225,0.011095246362310808,0.6575320712995392,0.6300769392204545,0.45814642553174206,0.3725896102206294,0.5218171372992668,0.6766412862286497,0.3125517076972801,0.5517165656346553,0.4763593168794656,0.2927735394685571,0.3886533956542109,0.021091001942243257,0.33358908991876834,0.5249280174455067,-0.07981831571554253,0.4885897223766412,0.381734645803682,0.4656056382416052,0.5934860340626897,0.5084341839585849,0.06743090106607179
OK,-0.0808406079362928,0.09828595822560764,-0.26192611710109853,0.06452087793986577,0.2903373603910784,0.356470811027968,0.03571624659226857,0.09890065098659606,0.2925951635470207,0.15661486644800338,0.13636449505012554,0.08602529319036704,-0.41737441926929486,0.11615705872287568,-0.20279077836746817,-0.08399935241441267,-0.3957284638617178,-0.06504866372006604,0.11495334072500538,0.15837820813337566,0.13169383885499594,0.10778143793973988,0.14574614966841246,-0.2036594301184958,-0.34520319729184573,0.016004405222827603,0.3147109909628617,0.08567286404751616,-0.3809592531152624,-0.3654719438097158,0.17616771872260611,0.14132972936239258,0.3066583647464374,0.22503084326808395,0.18406946920200168,0.08822852796369282,-0.2600044366453462,0.45058749419792854,0.002253936472194334,0.0728103419033203,0.15308049445541333,-0.41411369712951807,-0.08188549123609289,0.15463811341813755,0.08574612678791248,0.058693400536799716,0.028325906571477502,0.38374222400077185,0.11846543712021193,0.05549012733182896,0.15116509404394463
OR,0.06478612396721259,0.19804254678631814,0.14113393411998013,0.11820183268369473,0.41456630654868964,0.2484080258444833,0.059377463485481494,-0.006041157751902757,0.08078621703911135,0.24092239223982173,0.19936909238179218,0.31596319478608775,0.08066327761049143,0.20509832044104914,0.21964785846668503,0.12926919905923986,0.07846244571227673,0.1975043640747797,0.19600862065235344,0.23956414044021904,0.06224802224067767,0.01720375490614316,0.17161048164489787,0.2260449020143497,0.12170298654478981,0.15673250254636212,0.2085457384892403,0.10046210502442057,-0.02301130666085846,0.08791669929390775,0.17239971061100326,0.05664918317783788,0.14118519314132297,0.29992005814131595,0.10376637951911868,0.10433441017455056,0.08897457211265301,0.4470064095595718,0.06621752292371816,0.14260823457838548,0.09992873224912577,0.07824200139337288,0.24629842293729132,0.3208436979583679,0.10110428378864092,0.09658442181267896,0.05781338917464402,0.43956922911657814,0.27877486990894684,-0.025139872880441054,0.20078617930596931
PA,0.10790796743071472,0.35396930991672926,-0.04566401424301331,0.22724606908323575,0.511585912611044,0.3588181117348653,0.19503908844506354,0.012162382555079518,0.4765141064236868,0.4195668729364719,0.41580190021952396,0.22408891090811098,-0.34886585251631946,0.028368852340657707,-0.02457315860944165,0.25632424075580845,-0.21784317105300055,0.22654254544091887,0.39762133027531543,0.48478217451220124,0.3639642352729087,0.3604613042967031,0.3841154915550329,-0.05048911294997404,-0.19573642744443326,0.21944580037112943,0.3270445776281173,0.3441699054128723,-0.35309566857109276,-0.29894400377681907,0.45860683544933983,0.5083629759915683,0.48843552864912765,0.3094799014467314,0.3825044040275155,0.4743078263142456,0.07577712089399576,0.4357369213352971,0.2024720154188279,0.18967174806635922,0.25375726955937994,-0.2891615326407559,0.06112789967456185,0.3259917739446802,-0.004909323480464903,0.32015020926722454,0.3681412758926151,0.4274625439789136,0.32330557707292606,0.32412843022872423,0.13286672707768088
RI,-0.15121678953042575,0.1543834432888806,-0.0300683873518671,0.1841183628040359,0.3572335709304742,0.26776810603328843,0.13475234807799344,0.3279695939232179,0.21527628581650088,0.31529733127508497,0.2691367405790984,0.12928258471538434,-0.04261045750852506,0.15535124443992415,0.08426328915175188,0.11492340089880014,-0.0022193271284432067,0.04193211072812423,0.2779944133737586,0.1650033041505893,0.0955045758645857,0.1251114140575911,0.16636976523440913,0.08595017216064062,-0.006835722045443699,0.17508655734324857,0.20990443095171651,0.06147174447867011,0.10649083649026461,-0.07242180393168553,0.25673742546802053,0.22257074437100666,0.24912786358374542,0.19050573751761957,0.1167901988274646,0.1626576387801001,0.13415652151960208,0.34015215370234475,0.08838117804736062,-0.021911737487653026,0.03417422857771664,-0.04082713973295588,0.10071592461717656,0.24809519838550334,0.01569778762070077,0.08324229153423765,0.25873365170200713,0.36018526288990277,0.2082683864320858,0.0438963180467056,0.20001936995706152
SC,-0.07662960556645002,0.2841089943716358,0.1290424509533425,0.19337628162109674,0.43689290719442586,0.3486770710295037,0.22106598775117994,0.23183823973785023,0.3391874548255587,0.334414306553506,0.311712381735964,0.1774327258782194,0.025537937543452533,0.15407660705502121,0.21986032173626416,0.259710293170696,0.11236089169059428,0.2656649398787364,0.23555945730410907,0.31413624974540255,0.18463866361866316,0.15212497606023262,0.2709106481992261,0.192098805255679,0.11902733737163772,0.2113306089756141,0.3601901190548597,0.21291586178081473,0.07633115654167952,0.041183773132635104,0.4191484136485185,0.38436103074874445,0.35992831262767777,0.26593934517344014,0.37250026511836287,0.31607465984028826,0.17356216696192422,0.45070703299249487,0.22821803594304707,0.15001361781611108,0.10276685231928907,0.07031922979015226,0.16450839631178607,0.2796278106337738,0.0266009697162451,0.19659263441539987,0.35037455808385964,0.39629235117704886,0.272055495275804,0.2596184095975922,0.20608856276463994
SD,0.1048997780430198,-0.06711599229975859,-0.5911910398661812,0.042409598258119484,0.15053988281108854,0.39878356853074864,-0.07286255004001915,-0.12059555593287309,0.2596272301196862,-0.0026486878778216754,0.005866151287539689,0.12873163685035038,-0.8428824475407847,0.2026873724897683,-0.6610246693510646,-0.35959779185531154,-0.8239878200610988,-0.35538010689457267,0.05464359428184817,0.016921260341081473,0.05760983982667352,0.04455474737828138,-0.027779548877197083,-0.6529334634690147,-0.782244360017107,-0.01971496678100428,0.13752678568714732,-0.109117081866829,-0.6207571051661835,-0.7821045406523998,-0.017252761141610624,0.044273617650830766,0.4116269596039869,0.2515323432396216,0.03307625695513249,-0.0834830542895388,-0.4401982502236724,0.2455650827078453,-0.27808059593042583,0.032869942525984706,0.09119523773394178,-0.8265983593563899,-0.38148222972903817,-0.004049689481806907,0.3074272847456632,-0.06044016103543208,-0.023032933272181557,0.25496960295909643,-0.15877367712314963,-0.1267543366498075,0.20766521333793922
TN,0.06373267276324085,0.21886809506760277,-0.11480003821932315,0.18478227862598795,0.526060128221463,0.5195735217516975,0.11065734964552021,0.04908373650959842,0.42274847014524336,0.2720594081074758,0.1739044620719899,0.3531219586564889,-0.3969220385525603,0.20649098693018683,-0.13739576302730902,0.07546600498434934,-0.3136823094280084,0.06521251093817551,0.21937654508216087,0.2611395833019268,0.23383681981012192,0.113474730453934,0.2398633413222965,-0.16318879366655814,-0.29983595222759957,0.24229145081078596,0.40402808384779093,0.17039949357765774,-0.23812433896831703,-0.3582897731919041,0.2644255700490713,0.3320620900771959,0.590375972957459,0.40595487869012414,0.32585576000277455,0.27305751734194583,0.0033979897622117574,0.5215166091582798,0.07576262230939997,0.15294164613351197,0.17457337891142644,-0.37399913375119853,-0.11847150748116585,0.23194786267609954,0.1932282010933092,0.16520871036674706,0.18537885726746564,0.50918550553422,0.17599417613767263,0.2148319411976415,0.2810742108518843
TX,-0.02207041432218556,0.36228559785132725,0.1793263197340995,0.2883130469995615,0.5731253222778064,0.5268685826811021,0.19830216671586168,0.17323691224080476,0.2580544738041751,0.3582948967367448,0.2460557932456358,0.28894728749914417,-0.053697617235656483,0.16698792997666725,0.1951559263328157,0.24546327357320155,0.030488272341923143,0.2589204267214792,0.17847760862738643,0.32918167055997893,0.2953863657109297,0.13199482880666757,0.3727544185956903,0.18927991287796403,0.05060602300585603,0.3581694419571173,0.46186268532851754,0.30678373074805537,-0.008779949358295777,-0.024423919266942398,0.3074573356012702,0.2306331573321659,0.40120248886674015,0.462312829337701,0.3794800539067777,0.33529797928603117,0.21556507365091965,0.6355472120618729,0.2599065778269798,0.22670371724490582,0.30592340021628583,-0.02094772738584561,0.20385178254146374,0.4056100674034994,0.13084416335786184,0.2749167272401508,0.21677233051759537,0.6261893424794297,0.39118769834824774,0.19643325453130925,0.20054919009976765
UT,-0.09698249495522879,0.0014665115601114186,0.0910985673105952,-0.11890638291356853,-0.045223572679528694,-0.11456362667171147,-0.10207930451643867,0.2648302509280906,-0.08060344421076202,-0.026132815151038293,0.024696054162246198,0.05559265822005721,0.19314103710565284,-0.04387452846960527,0.1467797559059749,-0.020117639464868296,0.1922642778281242,-0.030479221499013366,-0.04597437402052193,0.021787065864877705,-0.10097370546090444,0.05171276074333145,-0.07751901673266051,0.13614034644547848,0.16090900830897173,-0.12200567106769929,0.19305351602820775,-0.03289654355212738,0.12302231991441319,0.23477052839772278,-0.1463066310067597,-0.10842535203873747,-0.12350415850559972,-0.020794495058823675,-0.005084369907944409,-0.11619244707585255,0.023104500629010025,0.07359684445412723,-0.046038022177861807,0.11332575636757514,-0.05342762678398271,0.21806726492003692,0.07017105931322769,0.02158533744312404,-0.08412710797190107,-0.094994404954721,0.13978248638136215,0.06033288534081467,-0.034919839499141306,-0.1878246958419948,0.030644660465474115
VA,0.04842714833769487,0.38268559019061493,0.135496374375578,0.2575594063269429,0.5087473320856247,0.36633738695366613,0.2488244342801913,0.19014421643069632,0.4048359676476145,0.46241694516850423,0.39006222916216055,0.24780895133839398,-0.0735264752537526,0.03558798863459981,0.20377311059238687,0.3631615250472627,0.03458627687059136,0.3103332722427363,0.3628965703999678,0.4447608843391182,0.36070858669500006,0.3496749398659993,0.414539621069048,0.17504585314307589,0.0658785454638696,0.28256131111179356,0.4725286767950437,0.397495559175573,-0.03480449270430692,-0.05895837259326171,0.4099268792719622,0.4532069792656751,0.4455510138549268,0.27590989966951424,0.43349986759450077,0.5133378371576819,0.23208710912377983,0.5198259015138222,0.3730885457982991,0.13109652459951718,0.25836388641277425,-0.03327327141374593,0.17550111007178146,0.3561945276447174,-0.054498202215190396,0.3156169179722413,0.31956776589559394,0.4848594915425235,0.3920038999715163,0.40411751880409147,0.16889712143362665
VT,-0.07411186089740746,0.19433422240097367,0.05325424412006791,0.09131302051750495,0.2567537061831217,0.11579758429476515,0.20748424547141248,0.3024770708676655,0.27291135834896973,0.2564622741181021,0.1146744908848107,-0.009475932649946566,0.05555795042202188,-0.11199705565510011,0.199706210087622,0.22891980571348747,0.08289752332443397,0.2129765558666467,0.0961559610753692,0.3234145271270561,0.18406050941177463,0.10655719731240818,0.25382066696416394,0.23276142574845238,0.12466753879234263,0.09220212118733787,0.21425094179195447,0.22480070812244074,0.015940973940798506,0.04825718581932387,0.29728230389013677,0.30357110575765095,0.2648541173619527,0.03418382812972877,0.25846705457876795,0.2939185763195415,0.14932417064155817,0.27483951654145283,0.23434999022215372,0.08362646838020066,0.01755408412768525,0.08271884990416706,0.2214015818432017,0.22258927971850367,-0.1916139187073368,0.20758236910217912,0.21485472432370575,0.2336079711740603,0.29504780714247936,0.28449493952188626,-0.033838239162454466
WA,0.03443826792481777,0.17317212562928216,0.19542566013025142,0.0960893761653309,0.33001230704685786,0.07495902946386923,0.016605834765235628,0.08657254584456991,0.026213093694457856,0.2005058614002665,0.20872162109144776,0.25092108325915846,0.15396927365700838,0.01779326617080865,0.24997773363769765,0.20365414647100727,0.16507226310360018,0.17666602658700287,0.12630065170546195,0.13216248785221446,0.06577213564797431,0.08760181652263238,0.15756432912308807,0.2571220340416641,0.19451783494030617,0.15787721929497797,0.24439459194188168,0.14232182057190604,0.031564354392778146,0.19045573501882287,0.10379614990978564,-0.018821002543696105,-0.04389336997129826,0.22882090566145719,0.11865749501088739,0.13846250271178648,0.11217956471811884,0.33488919226775565,0.15306974718052563,0.07785914491609294,0.1516597425413769,0.10968270121436373,0.23358576977740309,0.24028824156842307,-0.040713701095361106,0.08366419849284985,0.121009467856075,0.32453396774211407,0.22468552577171505,-0.015497142950324555,0.06129528217176459
WI,0.17460059985859883,0.5683650047068772,0.1830806299987566,0.4510900040666311,0.796506582528115,0.6595252513394118,0.36554174430325453,0.026680654860642004,0.48872279934529295,0.6098494912383776,0.5035103983982848,0.3488770759502184,-0.20888044685619245,0.26325943883659647,0.18585207031615075,0.4269139325569883,-0.07871368199176029,0.3635716056080101,0.45564846256492236,0.49992106698196126,0.4924955399161428,0.2891804517770498,0.5640594716871867,0.188767785445618,-6.2181009771837e-05,0.5640287171708643,0.5097697157417574,0.5030708999390869,-0.07453164352772465,-0.16700667544686698,0.4778282296834751,0.5084448797585287,0.6580942698242345,0.6388603473776207,0.5610216028101349,0.5737372922975924,0.3065712215224064,0.7227126767818982,0.36850471376533916,0.32442208851178045,0.45856737002857145,-0.14911387656555256,0.25301489659969445,0.6087273222522218,0.2598575201571856,0.5194079752393729,0.37871271287369435,0.700706586317885,0.5304056277208796,0.36851762097796514,0.31465111598379475
WV,0.17336641042846865,0.39510322746169946,0.010226664322500953,0.23682692853845946,0.4356620846376484,0.24016229876347797,0.3022200493178972,-0.002348072992692512,0.5118468794106281,0.5160941068528541,0.5410415713476245,0.011124188427291024,-0.225610751670717,0.025901133753422283,0.11055771282532516,0.38592577616003815,-0.11835824458963301,0.3060214718458391,0.5115286187736496,0.5452587240455719,0.42272791013889094,0.5040567769551014,0.43034487370329716,0.10321688792448512,-0.03438678217103426,0.2237061408403612,0.23468644548174097,0.4367921241171472,-0.2537636065414165,-0.19714270765555314,0.471774808673549,0.5360709892106874,0.4217943004756535,0.19681345563784727,0.43841236687465585,0.5383451464448636,0.09506856698590048,0.3890551161529859,0.3225995010950157,0.14655732410691164,0.303753623087338,-0.16809239719659574,0.22482489202166953,0.38880629819764634,-0.044608321679769,0.39466732884746514,0.3576815931671604,0.2894282444291371,0.4258214753306846,0.38767851582028345,0.1313336536741391
WY,-0.02419980526735371,0.005381408449306315,0.06782389331909724,-0.10415068213379929,-0.07069310453666262,-0.2287384057353441,-0.11985506290318729,0.13111014318708095,0.06559306657724304,-0.029608237094205053,0.0323377523083648,-0.03781536467659387,0.13657719464784507,-0.030401603575669935,0.1198221610736132,-0.004537539162523822,0.10754052138038042,0.008448937911052445,0.005443196881635497,0.0010441077701428105,-0.07252466111022943,0.0022468505112064143,-0.06962320620042689,0.08728018740571847,0.1142014104228296,-0.12602481150542613,0.18553406810559592,-0.04543436939529944,-0.007072639695866657,0.19239622992864674,-0.0748593396432588,-0.06330295106438466,-0.14715790540452284,-0.10104791020891639,-0.023907827005784695,-0.05975045341618726,-0.03495014931662075,-0.04728924491225265,-0.04545082814334258,0.025816070609255084,-0.057346342617040046,0.1582355158088033,0.109915690358014,-0.0503427424362981,-0.11399613206210905,-0.09613867337101377,0.03772051417030446,-0.07003593430900423,-0.03348078222672647,-0.1841183188755406,0.007236265538048978
