era,model,alpha,n,mae_cents,delta_vs_gas_history_cents,block8_interval95
2008-2011,gas_history,0.01,208,3.9579478836807813,0.0,"[0.0, 0.0]"
2008-2011,oil_30d,10.0,208,4.0625380296608995,0.1045901459801182,"[-0.04532130775864003, 0.26978412936770957]"
2008-2011,oil_lags,100.0,208,4.031366693332671,0.07341880965188906,"[-0.32005240080849184, 0.45048847344564763]"
2008-2011,oil_and_wholesale,100.0,208,4.255131335686204,0.2971834520054232,"[-0.14631368657293328, 0.8027982804515076]"
2012-2015,gas_history,10.0,209,3.271325830628322,0.0,"[0.0, 0.0]"
2012-2015,oil_30d,0.01,209,3.2730555963307473,0.0017297657024255447,"[-0.028368563719253666, 0.03140033001440709]"
2012-2015,oil_lags,1000.0,209,3.326980474820398,0.055654644192075754,"[-0.11155636010970581, 0.23966951888196683]"
2012-2015,oil_and_wholesale,1000.0,209,3.1730952843846074,-0.09823054624371474,"[-0.26157432551749593, 0.07145342733262862]"
2016-2019,gas_history,0.01,209,2.6905091544294595,0.0,"[0.0, 0.0]"
2016-2019,oil_30d,0.01,209,2.7022454032659367,0.011736248836477623,"[-0.006952792590664556, 0.030460133863866562]"
2016-2019,oil_lags,100.0,209,2.503062626496875,-0.18744652793258343,"[-0.33701351641669997, -0.042629871832250435]"
2016-2019,oil_and_wholesale,100.0,209,2.3682439374080384,-0.32226521702142047,"[-0.47516243978829137, -0.16422560153796495]"
2020-2023,gas_history,100.0,208,3.8610604751617426,0.0,"[0.0, 0.0]"
2020-2023,oil_30d,10.0,208,3.7981736599530103,-0.0628868152087322,"[-0.12368517309216709, -0.012534091616905345]"
2020-2023,oil_lags,1000.0,208,3.825141575443633,-0.03591889971810984,"[-0.2751006517436399, 0.21966052076885523]"
2020-2023,oil_and_wholesale,100.0,208,3.70637254202286,-0.1546879331388822,"[-0.4902982297540248, 0.19248216841981008]"
2024-2026,gas_history,10.0,144,4.268306635589506,0.0,"[0.0, 0.0]"
2024-2026,oil_30d,10.0,144,4.243292099003729,-0.02501453658577683,"[-0.09927077624126927, 0.038833255240409134]"
2024-2026,oil_lags,10.0,144,3.9903801308475977,-0.2779265047419081,"[-0.5329621601369569, 0.009863268527119235]"
2024-2026,oil_and_wholesale,10.0,144,3.8075953931755837,-0.4607112424139228,"[-0.7939400523636163, -0.14334947070743462]"
