AK,AL,AR,AZ,CA,CO,CT,DC,DE,FL,GA,HI,IA,ID,IL,IN,KS,KY,LA,MA,MD,ME,MI,MN,MO,MS,MT,NC,ND,NE,NH,NJ,NM,NV,NY,OH,OK,OR,PA,RI,SC,SD,TN,TX,UT,VA,VT,WA,WI,WV,WY
149,2070,1092,1685,7190,1484,737,56,246,5402,2951,170,1213,476,3532,2668,924,1646,1528,1147,1311,426,3459,1825,2192,1108,350,3379,263,575,489,1562,575,796,2593,4108,1379,786,3102,150,1688,342,2580,9754,758,2781,180,1649,2367,606,232
150,2093,1094,1693,7232,1490,732,55,247,5409,2969,171,1216,474,3547,2666,924,1647,1546,1144,1311,426,3460,1834,2200,1114,350,3385,264,580,490,1562,579,799,2604,4105,1383,795,3112,150,1687,344,2589,9778,754,2783,179,1663,2370,605,231
147,2094,1098,1694,7224,1491,735,54,249,5407,2994,172,1214,477,3545,2680,930,1658,1547,1147,1312,430,3461,1834,2212,1121,350,3390,266,586,490,1561,579,800,2616,4115,1387,792,3123,151,1689,343,2597,9778,756,2791,178,1666,2372,608,230
150,2061,1094,1696,7161,1493,737,54,250,5389,2971,170,1212,477,3530,2675,926,1650,1522,1144,1308,431,3462,1827,2203,1107,349,3381,265,581,491,1557,577,793,2605,4111,1381,784,3125,142,1687,338,2574,9707,756,2785,175,1649,2364,606,228
149,2080,1101,1703,7197,1491,737,57,249,5406,2992,180,1214,475,3540,2682,933,1664,1550,1160,1322,432,3453,1835,2211,1119,350,3386,278,584,491,1578,575,802,2621,4114,1383,792,3130,141,1685,338,2599,9769,761,2797,181,1662,2370,607,229
149,2092,1104,1707,7192,1498,740,57,249,5422,2989,176,1219,474,3543,2691,937,1671,1555,1159,1322,434,3466,1835,2224,1123,349,3398,280,585,493,1580,582,809,2630,4115,1384,798,3135,148,1704,341,2618,9810,773,2804,181,1660,2375,609,224
152,2103,1103,1705,7200,1500,739,57,251,5418,2981,177,1219,476,3547,2691,938,1669,1564,1165,1319,433,3472,1836,2225,1127,352,3400,281,582,493,1579,582,812,2631,4112,1390,797,3137,148,1704,342,2623,9835,780,2797,181,1657,2373,609,219
153,2102,1103,1713,7237,1499,738,57,250,5408,2981,181,1218,477,3547,2691,938,1669,1568,1166,1320,432,3473,1838,2226,1129,352,3398,284,582,493,1579,582,812,2634,4112,1390,796,3134,148,1704,343,2624,9842,781,2797,181,1669,2373,609,219
153,0,0,670,1845,492,0,0,0,0,0,50,0,478,0,0,0,0,0,0,0,0,0,0,0,0,351,0,0,0,0,0,251,246,0,0,0,797,0,0,0,0,0,0,323,0,0,1674,0,0,219
0,0,0,0,0,0,0,0,0,0,0,0,0,0,0,0,0,0,0,0,0,0,0,0,0,0,0,0,0,0,0,0,0,0,0,0,0,0,0,0,0,0,0,0,0,0,0,0,0,0,0
0,0,0,0,0,0,0,0,0,0,0,0,0,0,0,0,0,0,0,0,0,0,0,0,0,0,0,0,0,0,0,0,0,0,0,0,0,0,0,0,0,0,0,0,0,0,0,0,0,0,0
0,0,0,0,0,0,0,0,0,0,0,0,0,0,0,0,0,0,0,0,0,0,0,0,0,0,0,0,0,0,0,0,0,0,0,0,0,0,0,0,0,0,0,0,0,0,0,0,0,0,0
0,0,0,0,0,0,0,0,0,0,0,0,0,0,0,0,0,0,0,0,0,0,0,0,0,0,0,0,0,0,0,0,0,0,0,0,0,0,0,0,0,0,0,0,0,0,0,0,0,0,0
0,0,0,0,0,0,0,0,0,0,0,0,0,0,0,0,0,0,0,0,0,0,0,0,0,0,0,0,0,0,0,0,0,0,0,0,0,0,0,0,0,0,0,0,0,0,0,0,0,0,0
0,0,0,0,0,0,0,0,0,0,0,0,0,0,0,0,0,0,0,0,0,0,0,0,0,0,0,0,0,0,0,0,0,0,0,0,0,0,0,0,0,0,0,0,0,0,0,0,0,0,0
154,1395,756,1710,7250,1492,351,32,153,2736,1941,189,841,477,2134,1296,652,1116,1096,445,602,161,1632,951,1692,817,357,1488,215,273,206,823,573,812,1012,1853,962,795,1455,64,1093,233,1651,6228,773,1185,66,1664,1398,423,219
0,0,0,0,0,0,0,0,0,0,0,0,0,0,0,0,0,0,0,0,0,0,0,0,0,0,0,0,0,0,0,0,0,0,0,0,0,0,0,0,0,0,0,0,0,0,0,0,0,0,0
0,0,0,0,0,0,0,0,0,0,0,0,0,0,0,0,0,0,0,0,0,0,0,0,0,0,0,0,0,0,0,0,0,0,0,0,0,0,0,0,0,0,0,0,0,0,0,0,0,0,0
154,2080,1093,1707,7228,1485,719,63,254,5316,2862,191,1209,483,3530,2682,928,1650,1548,1134,1304,435,3472,1828,2207,1114,347,3359,280,572,479,1583,608,804,2604,4078,1375,783,3142,154,1654,345,2578,9780,781,2783,186,1656,2344,598,221
151,2071,1078,1703,7179,1475,717,61,253,5300,2845,190,1208,477,3515,2675,923,1642,1534,1120,1300,435,3459,1815,2194,1103,342,3335,275,567,478,1571,605,803,2589,4069,1358,775,3134,155,1641,342,2559,9709,774,2772,184,1643,2328,595,221
150,2051,1064,1703,7163,1470,716,63,254,5298,2834,190,1215,465,3506,2665,921,1627,1528,1113,1299,430,3461,1815,2193,1088,339,3338,271,569,481,1574,622,801,2586,4062,1360,761,3139,154,1623,338,2537,9662,779,2778,182,1632,2327,592,223
149,2033,1048,1697,7160,1466,717,68,254,5318,2863,187,1212,460,3504,2665,915,1622,1512,1122,1319,443,3468,1815,2192,1086,336,3369,269,563,485,1594,621,796,2636,4073,1364,758,3178,161,1636,333,2529,9623,781,2796,189,1625,2321,591,226
145,2097,1076,1687,7150,1476,783,70,259,5520,3093,184,1212,472,3528,2709,933,1658,1561,1192,1366,447,3525,1833,2196,1131,348,3491,288,569,496,1685,630,795,2789,4134,1381,745,3230,169,1729,333,2602,9774,789,2886,211,1606,2324,599,227
144,2089,1074,1682,7143,1474,789,72,259,5512,3097,186,1212,476,3524,2708,925,1653,1544,1192,1364,447,3523,1829,2194,1124,349,3485,285,571,496,1685,637,798,2787,4128,1376,740,3225,167,1727,334,2594,9738,791,2878,211,1591,2319,600,225
145,2088,1073,1684,7147,1478,790,68,258,5506,3104,190,1217,473,3520,2709,927,1648,1543,1196,1361,446,3522,1820,2185,1116,351,3489,282,570,497,1687,638,802,2805,4139,1375,743,3217,166,1738,329,2590,9714,790,2875,215,1599,2317,601,225
146,2091,1075,1687,7139,1477,800,68,258,5502,3111,187,1213,475,3521,2709,918,1648,1544,1198,1362,441,3527,1818,2186,1114,357,3498,284,576,499,1690,643,797,2803,4146,1377,750,3221,165,1753,326,2590,9717,787,2880,218,1589,2316,601,226
146,2143,1072,1691,7131,1476,802,68,257,5492,3124,188,1215,485,3525,2709,923,1651,1537,1196,1366,437,3529,1820,2187,1137,352,3491,284,577,498,1693,645,797,2801,4146,1384,755,3230,165,1749,322,2593,9703,792,2885,219,1591,2314,602,233
143,2141,1068,1687,7110,1484,802,68,256,5489,3124,187,1217,490,3520,2712,920,1651,1528,1199,1366,437,3540,1817,2189,1134,352,3499,286,579,498,1699,642,794,2809,4144,1387,750,3232,164,1750,321,2578,9655,801,2888,219,1590,2310,604,235
144,2172,1078,1685,7144,1488,807,65,258,5514,3112,188,1218,493,3543,2712,921,1662,1559,1206,1366,438,3530,1824,2202,1154,356,3506,288,579,497,1712,643,800,2822,4146,1389,761,3233,164,1752,330,2601,9777,802,2900,220,1596,2312,605,233
144,2185,1085,1688,7161,1498,815,65,260,5541,3156,181,1223,495,3551,2722,923,1677,1567,1208,1369,437,3550,1825,2202,1160,357,3522,291,587,500,1716,645,795,2824,4150,1401,764,3243,167,1762,333,2627,9810,810,2900,225,1603,2321,608,232
147,2189,1092,1689,7194,1499,815,65,260,5544,3154,185,1230,501,3553,2721,924,1679,1577,1208,1368,437,3551,1822,2202,1167,357,3521,291,590,499,1716,647,801,2831,4149,1401,769,3244,167,1762,335,2633,9812,813,2903,225,1605,2323,608,233
147,2192,1091,1687,7206,1500,815,65,261,5542,3149,188,1231,502,3550,2721,924,1680,1577,1208,1369,437,3550,1821,2199,1167,357,3520,292,590,499,1718,648,805,2831,4150,1404,771,3245,167,1762,335,2631,9811,814,2904,224,1614,2322,609,234
149,2194,1088,1690,7236,1499,815,65,261,5541,3147,192,1232,502,3553,2722,924,1681,1576,1208,1369,437,3551,1821,2198,1167,355,3519,294,590,499,1718,648,812,2832,4150,1405,772,3245,166,1761,333,2631,9805,814,2899,225,1619,2322,610,234
149,2192,1088,1689,7232,1498,814,65,261,5535,3146,193,1234,502,3553,2720,923,1683,1575,1207,1367,435,3550,1822,2200,1167,355,3518,294,590,498,1722,651,812,2832,4151,1404,771,3245,166,1761,333,2631,9804,816,2899,225,1622,2322,610,234
149,2192,1088,1690,7235,1498,814,65,262,5533,3150,193,1234,502,3554,2721,923,1683,1573,1206,1367,434,3550,1823,2200,1166,355,3518,294,590,498,1721,651,811,2835,4149,1404,772,3243,167,1761,333,2631,9806,816,2899,225,1623,2322,610,234
149,1782,905,1691,7232,1497,632,28,246,4490,2600,193,1046,502,2854,2251,764,1475,1309,859,1024,306,2614,1335,1843,978,355,3149,253,528,346,1534,651,812,1829,3478,1147,773,2875,135,1359,274,2178,8131,817,1981,88,1624,1598,452,234
0,0,0,0,0,0,0,0,0,0,0,0,0,0,0,0,0,0,0,0,0,0,0,0,0,0,0,0,0,0,0,0,0,0,0,0,0,0,0,0,0,0,0,0,0,0,0,0,0,0,0
0,0,0,0,0,0,0,0,0,0,0,0,0,0,0,0,0,0,0,0,0,0,0,0,0,0,0,0,0,0,0,0,0,0,0,0,0,0,0,0,0,0,0,0,0,0,0,0,0,0,0
0,0,0,0,0,0,0,0,0,0,0,0,0,0,0,0,0,0,0,0,0,0,0,0,0,0,0,0,0,0,0,0,0,0,0,0,0,0,0,0,0,0,0,0,0,0,0,0,0,0,0
148,2187,1076,1694,7225,1500,806,64,262,5538,3148,193,1231,494,3528,2715,908,1675,1567,1196,1377,434,3541,1811,2190,1149,356,3492,293,587,494,1712,654,812,2798,4148,1400,767,3224,171,1755,332,2621,9742,816,2904,216,1617,2295,608,233
148,2176,1071,1688,7201,1486,798,62,261,5508,3112,192,1226,493,3520,2711,902,1669,1559,1183,1371,431,3520,1810,2188,1147,356,3477,295,587,489,1686,650,814,2778,4137,1391,762,3214,168,1742,329,2614,9713,811,2889,214,1614,2285,605,231
148,2156,1073,1685,7181,1479,803,62,263,5526,3135,192,1221,493,3514,2727,899,1675,1549,1189,1377,440,3511,1810,2182,1148,354,3493,296,585,487,1690,651,806,2794,4151,1395,756,3219,166,1742,331,2613,9697,812,2889,216,1604,2272,594,231
147,2158,1068,1681,7156,1482,805,62,261,5540,3161,190,1231,492,3517,2728,894,1668,1548,1196,1377,437,3524,1814,2182,1140,354,3487,298,574,480,1689,642,804,2786,4151,1397,752,3199,168,1744,331,2607,9703,809,2899,219,1603,2279,588,231
151,1665,873,1683,7150,1487,593,26,236,3687,2601,190,937,496,2766,2096,656,1259,1087,719,798,210,2251,1132,1795,833,355,2174,228,314,233,1091,647,803,1324,2991,1037,752,1933,81,1272,244,1741,7400,809,1749,85,1594,1462,442,230
150,1636,863,1681,7120,1486,587,26,237,3693,2592,188,938,498,2766,2094,653,1254,1075,725,799,210,2248,1134,1797,822,357,2173,228,308,232,1086,650,802,1324,2990,1039,745,1932,80,1285,242,1723,7372,812,1748,85,1582,1465,446,232
151,2122,1059,1680,7157,1488,800,63,263,5579,3150,188,1224,502,3520,2746,893,1664,1542,1226,1382,431,3537,1827,2189,1112,362,3480,301,560,489,1702,653,804,2834,4161,1402,749,3251,164,1778,329,2570,9708,811,2912,225,1588,2297,597,233
151,2111,1057,1673,7125,1488,796,63,263,5570,3149,192,1218,501,3525,2745,893,1660,1539,1228,1389,430,3547,1822,2184,1105,358,3469,296,569,483,1695,652,803,2823,4154,1395,747,3247,157,1779,322,2588,9689,819,2895,224,1577,2297,596,231
149,2129,1059,1676,7098,1487,787,62,266,5562,3153,191,1219,497,3523,2748,898,1667,1539,1234,1389,430,3548,1818,2186,1102,356,3470,297,571,486,1700,642,799,2844,4153,1393,749,3242,158,1783,323,2581,9662,820,2898,224,1567,2299,596,230
150,2136,1064,1680,7147,1490,779,58,266,5551,3131,190,1226,500,3528,2755,902,1680,1553,1231,1394,431,3549,1824,2188,1114,356,3472,296,573,484,1703,650,802,2843,4159,1401,746,3246,160,1787,321,2598,9658,822,2895,226,1591,2300,594,228
151,2156,1071,1694,7200,1494,779,57,268,5558,3137,188,1226,501,3536,2758,908,1687,1570,1239,1388,429,3556,1834,2187,1125,354,3475,300,574,489,1707,650,801,2845,4163,1409,748,3251,161,1790,325,2602,9705,825,2897,226,1611,2300,596,228
152,2152,1072,1690,7205,1484,775,57,267,5552,3136,193,1229,501,3538,2765,912,1683,1569,1239,1385,429,3554,1836,2196,1138,360,3490,301,571,482,1703,650,799,2853,4167,1416,760,3254,161,1792,327,2608,9693,826,2899,229,1618,2305,596,227
156,2130,1067,1684,7168,1488,774,56,268,5564,3132,190,1228,502,3534,2764,912,1683,1546,1238,1382,429,3555,1836,2190,1139,358,3494,288,571,482,1701,648,795,2855,4168,1412,763,3254,163,1789,322,2595,9640,825,2890,231,1601,2307,596,226
156,2158,1076,1691,7214,1487,774,57,268,5557,3136,190,1236,511,3549,2771,913,1687,1561,1242,1380,432,3547,1840,2197,1160,359,3499,287,576,484,1706,646,795,2849,4177,1416,772,3260,157,1787,318,2611,9723,825,2892,233,1628,2315,593,226
155,2158,1077,1691,7218,1481,776,56,268,5556,3124,187,1238,512,3549,2771,917,1685,1568,1238,1376,432,3528,1838,2192,1157,359,3501,285,579,484,1706,649,798,2849,4179,1409,777,3257,155,1784,317,2615,9731,827,2890,233,1635,2319,594,228
155,2177,1084,1697,7234,1482,776,54,266,5572,3148,185,1240,515,3551,2774,918,1688,1569,1240,1380,433,3545,1841,2195,1161,358,3512,287,583,484,1706,649,798,2844,4185,1413,775,3262,159,1792,321,2619,9754,828,2891,233,1640,2325,595,229
155,2179,1088,1697,7231,1483,777,54,266,5574,3152,187,1240,514,3550,2774,914,1686,1566,1238,1382,432,3546,1841,2194,1162,358,3512,284,583,484,1707,648,800,2842,4186,1414,779,3260,159,1793,322,2618,9752,828,2889,233,1641,2326,596,230
156,2179,1089,1703,7267,1480,778,54,266,5573,3151,185,1240,514,3546,2775,916,1685,1563,1239,1377,432,3545,1841,2199,1162,347,3510,284,583,484,1707,648,801,2846,4177,1416,781,3265,158,1794,322,2615,9752,828,2889,231,1650,2326,598,233
156,2179,1088,1702,7274,1480,777,54,266,5565,3149,185,1235,514,3546,2772,913,1687,1561,1239,1376,431,3543,1841,2196,1162,346,3503,284,582,484,1706,648,801,2847,4175,1415,781,3265,158,1795,321,2613,9752,829,2887,229,1647,2325,592,233
154,2179,1089,1702,7277,1482,776,54,266,5561,3145,185,1235,514,3544,2772,913,1682,1564,1240,1374,432,3543,1841,2198,1162,346,3502,284,582,483,1705,649,804,2845,4174,1415,781,3262,157,1793,321,2614,9748,829,2887,229,1645,2325,591,234
154,2170,1090,1701,7278,1483,777,54,266,5563,3141,184,1235,514,3544,2769,912,1683,1561,1238,1369,431,3546,1841,2198,1161,345,3493,284,582,483,1703,649,803,2836,4169,1413,781,3256,158,1790,320,2615,9733,829,2873,229,1645,2325,589,234
154,2164,1090,1698,7278,1483,765,53,266,5544,3121,184,1235,514,3541,2762,910,1683,1560,1230,1366,427,3543,1841,2195,1156,345,3478,282,582,483,1696,653,804,2805,4156,1409,781,3247,158,1786,320,2602,9716,829,2865,223,1643,2320,588,234
153,2158,1087,1698,7277,1482,757,52,266,5509,3074,184,1234,512,3537,2759,907,1674,1556,1218,1355,421,3526,1839,2188,1150,344,3452,280,586,477,1679,649,799,2780,4144,1407,781,3227,158,1775,317,2582,9681,829,2844,216,1641,2310,591,233
153,2149,1083,1694,7279,1478,758,51,267,5498,3059,184,1231,507,3535,2746,904,1676,1551,1215,1351,420,3526,1831,2184,1145,344,3440,276,587,474,1679,648,796,2757,4136,1405,781,3211,156,1768,308,2577,9666,828,2837,215,1639,2308,592,231
154,2138,1081,1697,7253,1471,753,51,268,5500,3057,184,1231,506,3527,2736,902,1672,1552,1224,1346,420,3528,1828,2177,1145,344,3432,276,586,475,1680,645,792,2756,4126,1406,778,3208,156,1760,308,2560,9639,826,2838,213,1637,2300,598,225
155,2129,1085,1697,7233,1471,757,51,268,5500,3046,184,1222,504,3518,2730,904,1666,1540,1223,1334,418,3537,1831,2176,1138,335,3448,279,586,479,1672,644,790,2762,4115,1412,775,3199,157,1761,306,2541,9640,821,2837,207,1636,2295,602,225
157,2121,1081,1696,7202,1468,761,52,269,5517,3052,184,1222,494,3513,2733,907,1667,1514,1226,1326,418,3545,1829,2170,1134,325,3448,279,586,475,1676,617,792,2805,4121,1412,775,3204,159,1770,299,2534,9634,829,2851,204,1629,2292,600,221
159,2120,1076,1691,7181,1456,764,51,266,5510,3054,184,1221,488,3514,2733,910,1677,1497,1225,1333,426,3548,1830,2170,1134,319,3442,280,582,479,1676,613,791,2803,4134,1411,776,3203,159,1746,297,2531,9637,810,2857,208,1625,2290,606,219
159,2123,1076,1687,7165,1461,761,50,262,5511,3036,182,1215,491,3514,2737,911,1672,1470,1216,1331,430,3537,1833,2160,1136,323,3440,284,577,473,1685,609,789,2799,4133,1407,781,3197,159,1746,296,2538,9634,807,2856,210,1630,2288,608,222
